URL,class
https://www.universitaspertamina.ac.id, 1
https://ipfs.io/ipfs/bafybeihadfx74m3gnq3bjk4sc73tev2kaprnf7k4pmycj3xbt3yxtxs67e/tonepro888-onedrive.html, -1
https://www.whatcomcounty.us, 1
http://www.hopedalebooks.com, -1
https://www.numberphile.com, 1
https://www.deutschlandreise24.com, 1
http://www.kueronekayaeotn.co.jp.kuerocekayacaoto.kbokna.top/ai/, -1
https://www.awesomeweb.com, 1
http://www.acmarketsapp.com, -1
https://www.phaionline.org, 1
https://maildinshaakckjnw179.web.app/, -1
https://www.acubekraft.com, 1
https://www.thehits.co.nz, 1
https://consulta-gratisonline.com/luiza/home.php?userid=13&uri=xrutpefcxmwiyzlf/vbxyktyjqqzy9wqa8jxkk4xtw4=, -1
http://www.metamaskio.net, -1
http://my-business-105497-100704.square.site/, -1
https://opww-43bef.firebaseapp.com/, -1
http://www.caretodayuk.co.uk, -1
https://www.alexburr.com, 1
https://www.nnma.gov.ng, 1
http://www.dipua.org, -1
https://www.nttr.co.jp, 1
https://www.priaulxlibrary.co.uk, 1
https://www.rarlab.com, 1
https://www.visitluzernecounty.com, 1
https://connection-orangebank-certicode.derlma.com/5489723/, -1
https://www.trans-health.com, 1
https://tinyurl.com/mr3kesrx, -1
https://currentlyatt9.wixsite.com/yahoo, -1
http://www.moveonedegree.com, -1
http://www.lbiz.net, -1
http://www.saiaoon-co-jp.aeseose.rpgjkv.top/jp.php, -1
http://u1892994.cp.regruhosting.ru/, -1
http://www.mail7.wyeetacs.com.au, -1
https://www.thisidoforme.com, 1
http://v1claims.publicvm.com/, -1
https://www.vanguardhealthcare.co.uk, 1
https://www.sla.org, 1
https://www.greenrope.com, 1
https://pub-dcd992e051224d49bc4d37f504eeac15.r2.dev/wsom.html, -1
https://consolesecudigital.web.app/, -1
https://www.oilandgas360.com, 1
https://ipfs.best-practice.se/ipfs/bafybeig52bssadmmakzsrzm7rcd35bmb6gygf424di5lmo4ayowyq67y64/link.html, -1
http://verificationnoticemetamsk.duckdns.org/, -1
https://www.78s.ch, 1
http://522450877525508-dot-charming-sky-2700.sepa-00980-force-drop.oa.r.appspot.com/?fbclid=iwar1dkspuxs5rkhpbua9f1oupwtwqwepk25c4mmg9s3p0i8rze1yvfio7wro, -1
https://cf-ipfs.com/ipfs/qmfeyrrgxu1jtksbjnz4r46zxzez7outbbtlprfxd3npxq/ponts.html, -1
http://www.odecafe.com, -1
http://www.donatewa.phpnet.us, -1
https://www.n2yo.com, 1
https://www.u-obd.com, 1
https://dhl-international.peakoutsourcing.host/express-983720289523040/mx837492/login/index.php, -1
https://www.norfolktourism.ca, 1
http://www.saiaonaard.co.jp.nhgwrw.top/ai/sign.php, -1
http://suwirun.com/rasc?stepid=amfwx2dhymlaewfob28uzxm=&amp;step=s1gbdkclyhqz&amp;id=ing, -1
https://www.creativespirit.on.ca, 1
https://www.thss.tsinghua.edu.cn, 1
https://www.leeds-city-guide.com, 1
https://www.alemarahenglish.af, 1
https://optimisticinternationalopensoundsystem--isa23e.repl.co/, -1
https://www.caricaturemaster.com, 1
http://www.fartit.com, -1
https://www.thetechieteacher.net, 1
https://www.extremepickyeating.com, 1
https://www.zz91.com, 1
https://www.midwife.org, 1
http://www.framboisemangue-traiteur.com, -1
https://www.bcn-news.com, 1
http://www.p30oopp.blogspot.com, -1
https://www.apraxia-kids.org, 1
https://www.wolveswithin.com, 1
http://www.madrededeusprime.com.br, -1
https://www.chickenwaterer.com, 1
https://www.ncl.ucar.edu, 1
https://cloudflare-ipfs.com/ipfs/qmpj7tiruvryjbbetf99zvbpnw1zmqj2qnr3bmwlb5kk7h, -1
http://www.phpencryptssl.com, -1
https://www.combinatorics.org, 1
http://www.useurogren.com, -1
https://sites.google.com/view/hccwc/home, -1
https://www.stylebistro.com, 1
http://antille-guyane.github.io/bnpparibas.net, -1
https://project1a-7b9f0.web.app/, -1
https://www.navy.lk, 1
https://www.audiology.org, 1
https://www.shiftordie.de, 1
https://www.assembly.state.ny.us, 1
https://www.pinakothek.de, 1
http://www.ecorarte.com, -1
http://vnbthdwqky.duckdns.org/, -1
https://www.hightail.com, 1
https://www.faktysmolensk.niezniknelo.com, 1
https://www.emaratyah.ae, 1
http://www.holipath.com, -1
https://bit.ly/3xzprsr, -1
https://www.nightshifterslabel.com, 1
https://www.disturbed1.com, 1
https://bafybeie7s43322fktvccuq6wkakhtnjain24zshukkyxmuojiomfq3zsxm.ipfs.dweb.link/043.html, -1
https://www.mrcmekong.org, 1
https://www.ispdhome.org, 1
https://www.iavi.org, 1
https://www.kuronekoyamato.co.jp.gfcsz.top/ja, -1
http://www.help.firefoxupdata.com, -1
http://www.pomundayes.ga, -1
https://www.jaguarnetwork.org, 1
http://www.bvgtt5.gq, -1
http://www.ynk.nowurl.fun, -1
https://storage.googleapis.com/benm/lev1.html, -1
https://69d63a20-16b8-414a-a02e-f650f409515d.id.repl.co, -1
http://www.biocareremedies.in, -1
http://yyt5567yyhhyjjjjhhhjjk.s3.eu-west-2.amazonaws.com/microsoftonline.html, -1
https://ipfs.litnet.work/ipfs/bafybeiciybgr4yyk73flu2j6nknw4nnlpvapm5ocuz4hloq2l724w42xfa, -1
https://www.harpercollinschristian.com, 1
https://www.vala.ma, 1
https://www.bibelntalar.se, 1
https://billowing-hall-a4f2.uu2fn76vbq.workers.dev/, -1
https://sc.link/267j, -1
https://www.phys.hawaii.edu, 1
http://email-update.company.com/, -1
http://dstatisticbot.com/, -1
https://www.newlondon.org.uk, 1
https://www.imlebanon.org, 1
https://www.ovsd.org, 1
https://www.parks.wa.gov, 1
https://treisdg.jungleheart.com/, -1
http://www.carmana.store, -1
https://www.marjoriethelen.com, 1
https://c2864d40-4761-45ee-be1f-d080bddb6687.id.repl.co/, -1
http://bafybeid3lqtonezjssy3u52e2codl4yoqwbjft5slj3uswjefqptwqfr7a.ipfs.dweb.link/86.html, -1
https://www.comec.org.uk, 1
https://statement-9d08c.web.app/, -1
https://www.creativeyouthnetwork.org.uk, 1
https://www.perfecthideaways.co.za, 1
http://www.1k86.csqoy.com, -1
http://salmanfarsi01.github.io/facbook-login-and-signin-clone/, -1
http://www.codere.cannca.shop, -1
https://www.bettenrid.de, 1
https://www.legalfeminist.org.uk, 1
https://www.beadyourfashion.com, 1
https://www.cremagazin.de, 1
https://www.comiket.co.jp, 1
https://www.burosalt.nl, 1
http://tringuyen128.github.io/netflix_clone_page, -1
https://www.kluson.com, 1
https://helpid9855723849185962817.web.app/, -1
https://www.arnoldpublishers.com, 1
https://review-f5065.firebaseapp.com/, -1
http://www.zoxo.tk, -1
https://www.siirtolapuutarhaliitto.fi, 1
http://oualid-loubiri.ma/service/, -1
http://www.sarane-nan.gq, -1
https://www.space.unibe.ch, 1
http://www.wizardrozin.com, -1
http://www.switchyardcharlotte.com, -1
https://www.bmvc2021-virtualconference.com, 1
http://www.partnersoft.media, -1
http://www.buildingdigitalmind.com, -1
https://www.goliathtoys.de/hgfhf5j/dir/agri/xls/form/62716e3a5b536eccdf5b/clients/, -1
https://www.mybelize.net, 1
http://www.eblaghi-irm.ml, -1
https://www.ajog.org, 1
http://www.szdamuzhi.com, -1
http://www.cosentinoconsult.com.br, -1
http://www.jiemao.welco.live, -1
https://www.lussagin.com, 1
https://www.eglin.af.mil, 1
https://www.alizila.com, 1
https://www.ouhsc.edu, 1
https://www.wiltshirebacon.com, 1
http://www.4b758c2e938d65bee050.blogspot.com, -1
https://www.openaero.net, 1
https://www.sesc.com.br, 1
https://1h4.02c.myftpupload.com/.pki/nssdb/post/swiss/frtass/sm/sp.sef/sp/, -1
https://www.icit-digital.org, 1
https://www.chessvariants.org, 1
http://www.l33t-milf.info, -1
https://www.boulia.qld.gov.au, 1
http://swapcakes.org, -1
https://www.ibdmdb.org, 1
https://page-verify79.firebaseapp.com/, -1
https://www.hilarispublisher.com, 1
https://www.allegrodvt.com, 1
https://bcr-32.jimdosite.com/, -1
https://www.cycracetomackinac.com, 1
https://www.haydenjames.io, 1
https://blioouu8-108413.square.site/, -1
https://s4mk-hj6.firebaseapp.com/, -1
https://www.sandiegotheatres.org, 1
https://www.sanmarinortv.sm, 1
https://www.lynchburgvirginia.org, 1
https://www.projectcensored.org, 1
https://ipfs.io/ipfs/qmybh2tv6pjymgsgpczckzrwjfehtb6uuzzepasbvdj3ck/amapiauotweb.html, -1
https://ltebolha--lajfhakhs.repl.co/, -1
https://www.bachphoto.com, 1
https://vanillagiftclub.shop/checkbalance/, -1
"https://secure.oldschool.com-n.cz/assisted-login825,295,688,41525479,2912", -1
http://www.nucleokardecistalace.org.br, -1
https://www.platypusattack.com, 1
https://www.id-apple-support-online.com/go.php?ssl=yes, -1
http://38.209.148.132.host.secureserver.net/opdate.php, -1
https://www.rexswain.com, 1
https://www.tractorsupply.com, 1
http://att-108675.weeblysite.com/, -1
http://mingovpldsjt.simpnesby.ga/, -1
https://bafybeidvnscpg4et53tdvs4iel5cxua2j4ffcjoyupkyymkgjl2rpywxq4.ipfs.dweb.link/, -1
http://www.albertoforwardings.us, -1
https://zaborenrsie.web.app/, -1
https://www.hashilthsa.com, 1
https://www.stevenderosa.com, 1
https://www.estovadetapas.com, 1
https://www-info-orico.kilnpay.com/, -1
https://www.mersenneforum.org, 1
https://sosconsulta.co/deep/web.php?email=dipankar@jmjgroup.co.in, -1
http://www.a63vfd6e57.s3.ap-northeast-1.amazonaws.com, -1
https://entra-online-com.preview-domain.com/, -1
https://reviewdocumen03132023.myportfolio.com/, -1
https://www.bridal-garden.com, 1
https://www.csa.fr, 1
http://zenartinakuliwasalifranc.zenawaskal.fr/, -1
https://dev-latamairllines.pantheonsite.io/, -1
https://www.hyundaicapitalbrasil.com, 1
http://www.wendyj.cf, -1
https://benjamincustommodulars.net/wp-admin/main/ing/, -1
http://www.mmnop.cannca.shop, -1
https://www.ibf-usba-boxing.com, 1
https://www.eitvcloud.com, 1
https://www.uki.ac.id, 1
https://aol-104501.weeblysite.com/, -1
http://u1965047.plsk.regruhosting.ru/10/, -1
https://www.town.aichi-higashiura.lg.jp, 1
http://www.atomi.beeppool.org, -1
https://www.nelsotech.com, 1
http://www.christianl.cf, -1
https://www.ssssssss.org, 1
https://www.unique-cottages.co.uk, 1
https://www.nations-software.info, 1
https://e006840b-7349-4ef6-94e7-a93da384b6e0.id.repl.co/, -1
https://www.cinejosh.com, 1
http://www.electionleaks.com, -1
https://www.lovemaineadventures.com, 1
https://ejhe08-tfj0.web.app/, -1
http://www.a0371219.xsph.ru, -1
https://www.woodsbros.com, 1
https://wispy-wind-c88f.rinora9349.workers.dev/, -1
http://www.livecdn.com, -1
https://www.fiesc.com.br, 1
https://mdwf7pvx6sqihqxhot5r23wf7ukmkhw4vtomxhpypphq33hqdsqq.arweave.net/yoxfvrf0oipc53t7hw7f_rtfhtys3mud-hvpdezwhke, -1
https://ount.thejewtangclan.com/jp.php, -1
https://www.bullitt.org, 1
https://controledom01.firebaseapp.com/, -1
https://www.storytellersunplugged.com, 1
https://www.boxturtles.com, 1
https://xagpark.com/jp, -1
https://www.wom.my, 1
http://www.win32support.com, -1
https://www.academia.org.br, 1
https://www.missionnetaji.org, 1
http://www.mono-arts.com, -1
https://millattribune.com/, -1
https://www.dartmouthmuseum.org, 1
https://www.azd.uscourts.gov, 1
http://usuariociudad.com/, -1
https://www.drtel.com, 1
http://www.mamj.ru, -1
https://www.maltairport.com, 1
https://www.cassproject.org, 1
https://www.energylens.com, 1
https://one-drive-371107.uk.r.appspot.com/, -1
http://www.e.applesoftupdate.com, -1
https://licoresesurez.com/css/js/credit-agricolefr/credit-agricoleverification/8d9f3f76293b395/region.php?particulier, -1
https://www.calafco.org, 1
https://www.smilebox.com, 1
https://www.foodrockett.com, 1
https://fb-restriction-case-ac669.web.app/, -1
https://www.hwconstruction.com, 1
https://www.gemarsh.com, 1
https://www.radioroks.ua, 1
https://banireservasi.reservasi.repl.co/index1.php, -1
http://thewashington-post.facilidadgozoygloria.com, -1
https://www.nbforum.com, 1
https://dsizs.vpraxkm.cn, -1
https://www.co.routt.co.us, 1
https://www.crypto-news-flash.com, 1
https://jposdzu.com/, -1
https://www.elayneboosler.com, 1
https://www.juwi.com, 1
https://092c9c3b-dd9b-441e-a3b5-8ee2d397bdd7.id.repl.co/, -1
http://www.mestand.com, -1
https://www.highparktoronto.com, 1
https://ipfs.io/ipfs/bafybeidszm5hjkodoz44tw2fpdiaomoanrtpcqwf6ym236mjsxvop75paa/ddoonncn.html, -1
https://benriyatakuto.floppy.jp/172.19.48.99/ddhl/globalsources/index2.php?email=, -1
https://www.goingcarbonneutral.co.uk, 1
https://www.16haber.com, 1
https://www.imageeditexpert.com, 1
https://www.gamesatlas.com, 1
http://www.gabrieldumortier.be, -1
https://bancolombia.com72388292.repl.co/, -1
http://www.xinyidaijieru.info, -1
https://www.monigle.com, 1
https://www.enjoy-app.de, 1
http://www.turnerswindowstylings.com, -1
https://ustbonus.com/, -1
https://login-cliente-rapido2023.com/luiza/home.php?userid=&uri=yc4kgyxpyiiys6i9h2e5vzj2n/mgjfs1d73alcee5ug=, -1
https://www.hearingaidknow.com, 1
https://www.bonniebling.co.uk, 1
http://www.wsdshipping.com, -1
https://www.preporod.com, 1
https://www.parcelpending.com, 1
https://www.911law.com, 1
http://www.merkadito.mx, -1
https://gateway.ipfs.io/ipfs/bafybeihbg3efsd2hiqwl3xba37vfj5vcd23zwy747mcz6nkc7piu3gecpq/dropmebox22_ofic4.html, -1
https://www.yogapedia.com, 1
https://www.ntt-east.co.jp, 1
https://www.northcarolinafc.com, 1
http://tmsbqrgbqs.duckdns.org, -1
https://www.worldswithoutend.com, 1
https://creditfrancecasite7.web.app/, -1
https://www.faconjacmin.com, 1
https://www.brafton.com, 1
https://www.orfieldlabs.com, 1
https://www.kiwiz.me, 1
https://connexion-bpnsecur-fondation.web.app/, -1
https://www.flvacationconnection.com, 1
http://1742tg053bsinesspgrstrctdrcvry498056.duckdns.org/, -1
http://www.csmbuildersllc.com, -1
https://banco.gfhhtjry.repl.co/, -1
https://tribelio.page/problemaccount/, -1
https://www.houston-enzymes.com, 1
https://sfr-esim-annulation.fr/verification/login.php, -1
https://www.thewi.org.uk, 1
http://www.3cuartos.com, -1
http://www.agretto.com, -1
http://mingovplnjpo.reacibill.ml/, -1
https://www.nirb.ca, 1
http://www.kangharu.id, -1
http://www.busycows.ca, -1
https://www.pacificatlanticadr.com, 1
https://web-6ab5e.firebaseapp.com/, -1
https://shich6gyg.firebaseapp.com/, -1
https://www.pressalert.ro, 1
https://www.visitcapewrath.com, 1
https://www.pumpkin.care, 1
https://johnrich.ml/hype/verifica/anomalia, -1
https://www.tigraionline.com, 1
https://yahoo-103138-105991.weeblysite.com/, -1
https://www.nhk-ro.jp.messagehtmlid0001070.ujfxkmr.cn/, -1
https://www.nutboltgames.com, 1
https://att-101698.weeblysite.com/, -1
https://www.qcif.edu.au, 1
https://www.nbs-system.com, 1
https://mail-107810.square.site/, -1
http://www.rqztech.com, -1
http://cashappofficial.com/, -1
https://www.transparenz.bremen.de, 1
https://www.eurammon.com, 1
http://www.cometoway.org, -1
https://gdwstytrwu.z13.web.core.windows.net/, -1
https://www.rxpgnews.com, 1
https://www.ultracast.ca, 1
https://www.kaneshichishoten.jp, 1
https://www.madagate.org, 1
https://aol-102196.weeblysite.com/, -1
http://www.ertyu.com, -1
https://up2sites.firebaseapp.com/, -1
https://empty-bread-229f.jgfjera.workers.dev/, -1
http://www.xuezi.welco.live, -1
https://maildinshaakckjnw628.web.app/, -1
https://www.cheshire-today.co.uk, 1
https://delay-is-temporary-2753f.firebaseapp.com/, -1
https://www.bitdefender.com, 1
http://creativeengg.in/contents/earthlink, -1
https://www.koolkitchenpro.com, 1
https://www.fr.im, 1
http://www.pagsalon.com, -1
https://www.treetopeco-adventurepark.com, 1
https://www.russian-records.com, 1
https://www.appliancesrepairlasvegas.com, 1
https://ipfs.io/ipfs/bafkreiguyxmlc3aclnp7qud7ks2jznadfnwgphxzss46hifjam6nzy6isq, -1
https://www.myscope.training, 1
https://www.army-uk.com, 1
https://www.learnbig.net, 1
https://www.openaccessgovernment.org, 1
http://app-fertamisa24345sajda.fft2fw9ojo-ez94ddorn4mr.p.temp-site.link/termsofservice.html, -1
https://tribelio.page/checkpoint00119274, -1
https://www.farmingmagazine.com, 1
https://www.inforse.org, 1
https://3.daviplataactivo.repl.co/, -1
https://ertet5t.agilecrm.com/landing/4665046500442112, -1
https://www.cryptopro.ru, 1
http://www.gamblrapps.com, -1
https://www.odditycentral.com, 1
https://www.psiaf.org, 1
https://www.westlancs.gov.uk, 1
http://www.ec48p71.rawtennis.com, -1
https://direct.blair-roger.top/, -1
http://www.ftpaccess.cc, -1
https://9c2a18ba-b516-4b98-9fac-5e4686794ed3.id.repl.co/, -1
https://www.allplaces.us, 1
https://www.blacknbianco.com, 1
http://www.lpm.fk.ub.ac.id, -1
http://www.dexado.com, -1
http://www.lh-logins.com, -1
https://buffzz163.com/?gclid=cj0kcqia_p6dbhd1arisaagi7hb82zdmvmwkvlfz-tforwbx_skotfexpqndtqsaos81q7iyfib9nusaavj1ealw_wcb, -1
https://20-255-15-193.cprapid.com/hype/disconoscimento/, -1
http://www.liifff.fburl.fun, -1
http://www.versatilehairshop.com, -1
https://www.equalizersoccer.com, 1
https://booking.kayak.com/flights/BER-TAS/2025-08-06/ffab3f65966fe653f09e92b4fef7dd7d4?sort=bestflight_a&attempt=2&lastms=1750969639598, 1
https://allspurlabs.com/wp-content/plugins/us/k/verification/, -1
https://www.mera400.pl, 1
https://www.rt23.com, 1
https://net-website-sicuro-supporto.cfolks.pl/app-bper/mobile/public/webapp/digital-login/area-riservata.php, -1
http://www.indeksonline.org, -1
https://www.chesterfieldobserver.com, 1
http://www.eblagh-55.cf, -1
https://ww3.site-promo-and.co.ua/html/classico/index.shtm/, -1
https://www.alnwickgarden.com, 1
http://www.doctorcarmax.com, -1
http://www.frehan.com, -1
http://www.gta6fuzhu.com, -1
https://www.tanksthatgetaround.com, 1
http://www.nguyenthanhdat.com, -1
http://banconacionalcr.vastserve.com, -1
https://www.volunteernow.org, 1
http://przechodzimy-dalej.gay/, -1
https://www.judiciaryreport.com, 1
https://www.webcompat.com, 1
https://www.malanijewelers.com, 1
https://www.epic.com, 1
https://www.brswimwear.com, 1
https://www.plasticsnews.com, 1
https://www.city-link.co.in/wp-files/s.html, -1
https://www.cicerone.co.uk, 1
https://www.zadarskilist.hr, 1
http://www.adobesys.com, -1
https://www.buffalolib.org, 1
https://www.stopblablacam.com, 1
https://www.fares-foundation.org, 1
http://www.warriorss.oss-us-west-1.aliyuncs.com, -1
https://tribelio.page/confirrmattionshellppscatterz, -1
https://www.4wcop.org, 1
https://www.google.com/search?ei=xb9pzni9lfgx8gl7samacw&gclid=eaiaiqobchminfcyssbz_givawgrch059g9weaayasaaeglolfd_bwe&gs_lcp=cgxnd3mtd2l6lxnlcnaqaziecaaqrziecaaqrziecaaqrziecaaqrziecaaqrziecaaqrziecaaqrziecaaqrzokcaaqrxdwbbcwazokcaaqiguqsamqqzovcc4qiguqxweq0qmqyamqsamqqxgbohuilhckbrdharcvardiaxcwaxbdgafkbahbgabkbqhaegexukckwkckykuoaajwangagaeaiaeakgeamaeaoaebyaeiwaeb2gegcaeqargi&oq=cs+money&q=cs+money&sclient=gws-wiz-serp&uact=5&utm_campaign=d123&ved=0ahukewiy4jdondt-ahxxmfwkhftycraq4dudca8, -1
http://bafybeig3xlhquzvdynnlfn6v7oau5zbfb4vrozsfr6wk6rz4csuahda3gq.ipfs.dweb.link/, -1
https://www.cocktail.uk.com, 1
https://nz-post-id.web.app/, -1
https://www.radioreference.com, 1
http://www.u.vvcnu.com, -1
http://www.ontarioboatcharters.com, -1
https://www.rakennuslehti.fi, 1
https://obabanter33.firebaseapp.com/, -1
https://www.cqrs.nu, 1
https://maildinshaakckjnw634.web.app/, -1
https://www.realpage.com, 1
https://locateme.co.nz/wp-content/jam/ichiemagiksouthwest123.html, -1
https://www.westernsydneyairport.gov.au, 1
https://www.oharacorp.com, 1
https://www.dafclub.nl, 1
http://www.c1crt.axfree.com, -1
https://www.shoppegeo.com, 1
https://www.worldlearning.org, 1
http://www.axelaguilar.com, -1
http://www.netwow.com.br, -1
https://gateway.pinata.cloud/ipfs/bafybeiet6j4bfpytwwh6frgdk5mwnn3mwbvpdwlzya7xnidzcl4tl5adsu, -1
https://www.visitpietroburgo.com, -1
https://www.jointhealthmagazine.com, 1
https://wan.cresnew.com/, -1
https://centralium.tn/post/bibaztgkmv4231, -1
http://www.posmecca.com, -1
https://gateway.pinata.cloud/ipfs/bafybeiamjih5g3pgqur5gtbzil7kjep3vtszsunt75kz7l24q36h53rwai//resultsbox18_onedrive44649.html, -1
https://access-gabe.com, -1
https://anpost-reorder.com/, -1
http://traditionalmiraclesco.com/, -1
https://verif.s3.us-west-1.amazonaws.com/copied.html, -1
http://organisasi.bulungan.go.id/public/yv5dflxardwq7h2m4pqdimeofs8iuq0x, -1
https://www.addierawr.com, 1
https://www.poz.com, 1
https://att-108200.weeblysite.com/, -1
https://e.vg/bperapp, -1
https://sncm.i0821.cn/, -1
https://7db54cd6-128e-46f1-a624-0ece2ca8803d.id.repl.co, -1
https://www.chncpa.org, 1
https://www.londoncarpentrysolutions.co.uk, 1
https://www.sarahdelamer.com, 1
https://bafybeibrerjbpagzyqbn4j4pexhayqcvruhmrakh3ajddwcrxwf7ure5vm.ipfs.dweb.link/d2-sjs.html, -1
http://www.berkahinternasional.co.id, -1
https://www.rohaniduniyaonline.com, 1
https://www.follypdx.com, 1
http://www.thecloudnet.org, -1
https://attmailchecker1.weeblysite.com/, -1
https://raclaw.maciejkrysztofiak.pl/aiiegro/email@example.com, -1
http://protected-message2022-1311615844.cos.na-ashburn.myqcloud.com/secure.html, -1
https://www.agrofoodpark.dk, 1
https://storageapi-stg.fleek.co/6c5e0145-aee9-49fc-9228-08dde84ed78c-bucket/shio/index%20(2).html, -1
https://www.rodfoster.com, 1
https://noodleking.com.tr/wells/auth/login/present.php, -1
http://sindemail.com/1bc030ebcf8486e/finish.html, -1
http://www.thecropok.com, -1
https://www.feast-magazine.co.uk, 1
http://www.otyfuwyz.ml, -1
https://www.stmga.org, 1
http://www.chist.com, -1
https://www.adamenfroy.com, 1
https://s1kbh-x0yl-o.web.app/, -1
http://www.ns1.player1532.com, -1
https://www.acaponeconnection.com, 1
https://www.transceltic.com, 1
https://www.goteborgdaily.se, 1
https://www.tomkins.org, 1
http://www.zayc.club, -1
https://www.sunnysafaris.com, 1
https://www.poandpo.com, 1
http://www.brieny.cf, -1
http://www.a0669572.xsph.ru, -1
https://nwkbw-naaaa-aaaal-qbu3a-cai.raw.icp0.io/login.html, -1
https://www.sea-angling-ireland.org, 1
https://www.cuhp.org.uk, 1
https://www.johanniter.de, 1
http://starzmarketings.com/wp-includes/royal%20credit%20union/index.html, -1
http://www.odd-mud-233e.gtech.workers.dev, -1
https://www.ffwp.org, 1
https://www.local1259iaff.org, 1
https://www.dreamtree.com, 1
http://ethereumche.com, -1
https://www.teachmemicro.com, 1
https://dutsh-helppackage.ecranul.ro/public/fgdfzmcovtxb69g3tckoqbcfxf7gtn1p, -1
https://att-105861.weeblysite.com/, -1
https://c0aa7fe732e9.ngrok.io/huntington2/huntington2/scms/card.php, -1
https://docsend.com/view/76ic85fc7kh726cu, -1
http://www.culturasmetropolitanas.org, -1
https://jam-023d.gitlab.io/hitech-023s/yujtbgfvrtgrfd.html#amillet@prepaidlegal.com, -1
https://www.dla.mil, 1
https://www.bahaibookstore.com, 1
https://www.glutenfreeyummy.com, 1
https://jainux.net/malcolmx/#dxnlckbkb21haw4udgxk, -1
https://aruba.2fa-app-link-auth.com, -1
http://www.promptpayplus.com, -1
https://www.montpelier-vt.org, 1
https://www.conwayservices.net, 1
https://mueslisvvap.web.app/, -1
https://s.amaucszaou.icu/, -1
https://www.programmingfonts.org, 1
http://www.tagkarma.com, -1
https://www.norges-bank.no, 1
https://www.epita.fr, 1
https://www.apctt.org, 1
https://www.aaronwjohnston.com, 1
http://www.kinfdcxv.cf, -1
https://velobannk.top/, -1
https://www.pcrm.org, 1
https://www.fashiontubes.com, 1
https://www.mariorr.com, 1
http://www.hacks.2download.eu, -1
https://g6puo3.webwave.dev/, -1
http://www.hospitaldesitges.cat, -1
https://www.hibiny.com, 1
https://ipfs.io/ipfs/qmqq29e7fx5d5m3a6vsy21m5jvkygtqy8jfk44uiwes3vn/mands.html, -1
https://www.internationalmagic.com, 1
https://www.tobincenter.org, 1
https://www.haring.com, 1
https://ipfs.io/ipfs/qmv1wc7t3dcwkfvcoprfrp3whc59b4bd5suhrom6u873pr?filename=auto.html, -1
https://www.hollislibrary.org, 1
https://storieforall.builderallwppro.com/mmdh/, -1
https://www.indiajuris.com, 1
https://verifica-conto.45-79-148-32.cprapid.com/mps/, -1
http://www.cd.freecontent.win, -1
https://itaupontoscard114.z5.web.core.windows.net/, -1
https://www.netokracija.com, 1
https://www.perc.ca, 1
https://hdg6-mnn.firebaseapp.com/, -1
https://www.ymcafoxcities.org, 1
http://help-id-meta-6425472544.web.app/, -1
https://www.klj-meenselkiezegem.be, 1
https://www.face.eu, 1
https://www.vumingo.com, 1
https://www.gp-digital.org, 1
http://www.promodepotonline.com, -1
https://www.thecity.nyc, 1
https://tracking.721897.scuba.camera/verfolgung/tracking.php?id=4654533&page=100, -1
https://www.mureview.net, 1
https://www.nialaya.com, 1
https://www.appysmarts.com, 1
https://www.intowncoffee.com, 1
https://www.wascana.ca, 1
https://www.rescue.go.kr, 1
https://onh7928.webmo.fr/pro-credit-agri-cole/fr/creditagricole/ca/016a8ee114a3fc7/rgn.php?particulier, -1
https://profilrelationdigitalisation.firebaseapp.com/, -1
http://www.trendmoversdubai.com, -1
https://www.cotidianodela.com.br, 1
https://www.codersrevolution.com, 1
http://www.bulk-approach.site, -1
https://ipfs.io/ipfs/bafybeicpzmzp67z7j64n37lgmkgqvaxq2ddu46exvqldxqcwf2sxbkr7ae, -1
https://www.agendapoetry.co.uk, 1
https://autmn-mttbx46.web.app/, -1
https://www.yourdesignerdogblog.com, 1
https://www.nslegislature.ca, 1
https://www.boekscout.nl, 1
http://www.aldareps.com, -1
https://www.harvestrecords.com, 1
https://www.ploymint.com, 1
https://www.babao48.com/jp, -1
https://rgd-accessibledesign-1317634057.cos.na-toronto.myqcloud.com/rgd-accessibledesign.html, -1
http://www.dearabba.org, -1
http://www.gg4333.com, -1
http://www.petare.fr, -1
https://www.tiska.com, 1
https://www.kimchiandbasil.com, 1
https://www.calabasasgolf.com, 1
https://www.grantspassoregon.gov, 1
https://www.greyhound.com.mx, 1
http://www.com.conferencesinfo.com, -1
https://www.itancan.com, 1
https://www.miamibreastcenter.com, 1
http://www.telegram-hakc.ga, -1
http://www.imz.qaprm.com, -1
https://www.littlearmenia.com, 1
https://www.foryourparty.com, 1
https://www.national-football-teams.com, 1
https://www.moca-news.net, 1
https://www.electricblanketinstitute.com, 1
https://ipfs.io/ipfs/qmwfgvw6vmcwufbchhg8txsazjut8o2p7poalmmtsbs6ak, -1
http://www.d1ez.org, -1
https://www.thefarmerandthebelle.net, 1
https://www.cg-projects.com, 1
http://www.wtools.eu, -1
https://www.amazcon-co-jp.amacszan.srnjtd.top/ap/signin, -1
https://www.cornwall24.net, 1
https://www.serpro.gov.br, 1
https://www.mailsend-online.com, 1
https://www.autotech-co.com, 1
https://prestamoescolar2023.com/, -1
https://www.pass-the-baton.com, 1
http://www.shaparkl-saman.ml, -1
https://www.binaryoptionsarmy.com, 1
https://btinternetbbg.weebly.com/, -1
https://www.softmogul.com, 1
https://ipfs.io/ipfs/qmyvctxkrfxmbecfvfhadb8qjpldgf2jq54ptavxfeyxda, -1
http://www.eblagh-pay19.ml, -1
https://www.transition-support.com, 1
https://www.industrialartifacts.net, 1
http://www.lr-adl.xyz, -1
https://www.cottonsisters.com, 1
https://www.racked.com, 1
http://www.faceookbook.com, -1
http://www.isr4.ohmzo.com, -1
https://www.jornalcruzeiro.com.br, 1
https://www.elleihome.com, 1
https://www.derek-rose.com, 1
http://www-kastropgroup-com.usrfiles.com/html/0e472f_4d9b2a88f72eb4191a8eb158b004ca1f.html, -1
https://steacormunity.ru/profiles/76561199080967743, -1
https://www.fattureincloud.it, 1
https://www.conicyt.cl, 1
https://www.alpine-pearls.com, 1
https://www.boyntonbeachdentist.net, 1
https://www.sullivanclinton.com, 1
https://www.st-barthelemy.be, 1
https://www.tgcindia.com, 1
http://www.baidu.wookhost.me, -1
https://www.energyfm.co.uk, 1
https://www.asiapropertyhq.com, 1
http://www.chyprediction.com, -1
http://www.hawrang.com, -1
http://mail.portale-utente-info.162-0-216-30.cprapid.com/checkclient.php?&amp;sessionid=9d30164cdeb61a4caaff2d044a3fd599, -1
https://ygn.d79.mywebsitetransfer.com/bekle.php, -1
https://www.kmu.edu.tw, 1
https://fewsufficientparallelcompiler.juan-pablopa788.repl.co/, -1
https://www.usehammock.com, 1
https://www.findurings.com, 1
http://www.omwowxisx.cf, -1
https://www.kp.org.tr, 1
https://metafb-4p2hl40.web.app/, -1
https://www.1000bottlesparty.com/jp, -1
https://att86.godaddysites.com/, -1
https://www.xabber.com, 1
https://outl00klive.boxmode.io/, -1
http://allegroloaklnie.04151511.xyz/, -1
http://www.navercorp2.top, -1
https://tribelio.page/apremconfirmation?report, -1
https://www.michelinman.com, 1
http://www.shafarack.ga, -1
https://cmacpiura.com/, -1
https://www.stepchange.org, 1
https://www.realestateforsaleinaz.com, 1
https://www.goodytwos.com, 1
http://safetyprotocolclearance.com, -1
https://www.mangust-food.ru, 1
https://www.dowjones.com, 1
https://www.mcdonoughga.org, 1
https://www.trochtasflowers.com, 1
https://www.entomoljournal.com, 1
https://www.wpleadplus.com, 1
https://www.sgames.am, 1
http://www.help.purpledaily.com, -1
http://www.gjocmdx.ru, -1
http://requiring.live/, -1
https://www.vtgatherings.com, 1
https://www.frenchkissrecords.com, 1
https://www.profundo.nl, 1
https://file-share-from-james-open-view.web.app/, -1
https://www.adesignmedia.com, 1
https://drop2melted-giganotosaurus.glitch.me/?5f9bc5e8204a74=%2fc2hhmzg0odc1nzgwoti1njc3mzu3mta3d%2f1cca52596b9cf3995876d0dd13895e5e862ad4e1386b371387ae12f84e87a038%2fcmlwzw1kmju2njixnjqzmjaynjgxotg5oda3d%2fbwq1mjuxodi4mtaxndu0odm1nzy3d%2fb682920209b7bb81927964c17196eeeddf9f74067c7f31afbcece926a4d9cc3d&s=mzmxndiznte0nzyxmjg1njawmdawntiwotiynzk0otg0nta4mzawmda3d5f9bc5e81fccc8&aqs=njcwndk0mzazotcwodu0nzuwmda3d&token=mzmxndiznte0nzyxmjg1njawmdawntiwotiynzk0otg0nta4mzawmda3d5f9bc5e81fccc8, -1
http://www.ulka-gallery.yoyo.pl, -1
https://www.familydollar.com, 1
https://www.carolynshomework.com, 1
http://www.uspsvs.info/, -1
https://www.hauntedhappeningssalem.com, 1
http://www.db1.samuelblog.site, -1
https://www.balesandwich.com, 1
http://membershiplienquangarenavn.xyz/ui/login/, -1
http://www.dab53527.top, -1
https://which0x006.firebaseapp.com/, -1
https://fbreview1008237587872.firebaseapp.com/, -1
https://www.niktell.com, -1
https://www.uruknet.info, 1
http://www.dynathome.net, -1
http://www.eblagh-81.ml, -1
http://www.55677.com, -1
https://varrock.click/wp-content/americanexpeess.com.apx/amexnew/verify-card.php, -1
https://www.avitale.com, 1
http://www.securenab-aus.com, -1
http://www.ag.gp, -1
https://www.dailyleader.com, 1
http://www.f0566581.xsph.ru, -1
https://www.tnris.org, 1
https://updatemetamask.net/?gclid=eaiaiqobchmiso_bgqxg_aivx8pvch1rwg-j, -1
https://www.tomintoulwhisky.com, 1
https://www.forschungen-engi.ch, 1
http://www.noip.com, -1
https://aol-102365.weeblysite.com/, -1
https://officedrivef7848b1089c0b94ba05f0ee7a32b53dbf7848b1089c0b94ba05f.drivecheckmails.workers.dev/, -1
https://s.free.fr/c4utghc6, -1
http://att-mail-105336.weeblysite.com/, -1
https://acessodasuafaturaluiza.com/?gclid=eaiaiqobchmio6sy5r3a_qivtobcch06zadreaayasaaegigvfd_bwe, -1
http://www.myumlive.cf, -1
http://www.52t34tyt43.xyz, -1
http://jefferieswealth.com, -1
https://www.stanncreek.com, 1
http://www.wshvgazette.com, -1
https://www.topjoyflooring.com, 1
https://www.polikarbonat.com, 1
https://s.amaesoesn.icu/, -1
http://www.thesmokecircle.com, -1
https://aol-109902.weeblysite.com/, -1
https://www.eraction.org, 1
http://www.socis.cf, -1
https://load-delay-wait.web.app/, -1
http://enviosdhlexpress.com/, -1
http://www.pencakefistaking.com/, -1
https://aave-ethereum.info/#/, -1
https://www.info-sasiosin.trikdef.cn/web/login.jsp, -1
https://www.katzdzynes.com, 1
https://www.cedstone.co.uk, 1
https://www.crownofthegods.com, 1
https://www.greatwarforum.org, 1
https://www.safetychew.com, 1
http://www.lumiinx.eu, -1
https://www.platinumtrain.jp, 1
http://www.ralozimper.com, -1
https://www.shiatv.net, 1
https://www.saltcorner.com, 1
https://bafybeidddh67ap3oj5ivxmoglanwjmkrm5ixgbmdvjfnqdoxi2w4k4h3am.ipfs.cf-ipfs.com//gen.html, -1
https://www.denbypottery.com, 1
https://www.sshopencloud.eu, 1
http://www.undy.org, -1
http://www.orthodonticoffices.com, -1
https://www.buckley.spaceforce.mil, 1
https://www.histor.nl, 1
https://www.yadifa.eu, 1
https://www.baacamp.org, 1
https://www.sumcoco.com, 1
https://grin-6cbd8.firebaseapp.com/, -1
https://www.bma.org.uk, 1
http://www.rakoten-card.zbqtfrb.cn/, -1
https://www.fairhealthconsumer.org, 1
https://www.compstonkitchen.com, 1
https://www.agilent.com, 1
http://www.73ch91ch13f.100chickens.me, -1
https://organisasi.bulungan.go.id/public/p4xlgcwf4dtybynejbwatxlfyvhq8gf7, -1
https://www.stephanspencer.com, 1
https://www.chainsawchick.com, 1
https://metamask.xlylh6.top, -1
https://cf-ipfs.com/ipfs/qmv1w4npl5lnvgynvsv8wqjsskagknkxpms7px7jrfpmml/gen.html, -1
http://www.icici-kyc.web.app, -1
https://b1aaafa73fd75e.lhr.life/, -1
https://olx.15986653.xyz/njvnssp8/gfcton/8, -1
http://8.129.211.188:10003/mitid.php, -1
https://mail.deliverylifesupport.com/public/lturkcznkatlbm6vtkpqptmb40v0a6fx, -1
https://www.robertgaskins.com, 1
https://docs.google.com/presentation/d/e/2pacx-1vryztkpxalu1-p_3pvfdag9xf4pd-hv8zelnzglajhqlh4wxjyb-prr5y31zdffd6fmdkcdxa6fcl40/pub?start=false&loop=false&delayms=3000, -1
http://cctop.cl, -1
https://www.swissolympic.ch, 1
http://kfghugkhb.eshost.com.ar/, -1
https://www.redlasso.com, 1
https://www.cuopm.com, 1
https://conseil-414f4.web.app/, -1
https://www.birdsnz.org.nz, 1
https://business-confirm-appeal.web.app/, -1
http://dfggscedgr.duckdns.org/, -1
https://528f2648-8480-49c9-b001-501083adcc48.id.repl.co/, -1
https://www.viyatek.io, 1
https://www.amber-lang.net, 1
http://www.server1.wyeetacs.com.au, -1
http://www.bigrussianfloppa.duckdns.org, -1
https://www.gulfshoreselectrician.com, 1
https://att-105099.square.site/, -1
http://www.atvcloud.com, -1
https://www.iisj.net, 1
https://page-inspection-35789.web.app/mappeal.html, -1
http://www.tpipelinedev.com, -1
https://www.web-engine.it, 1
https://ipfs.io/ipfs/bafybeiekcocd54a5mnmfc7mlaoetnms4eyd7ekfashyod2jz2cnailceb4, -1
http://www.zhengtiankai.com, -1
https://www.daveras.com, 1
https://facebook-appeal-request-e2427.web.app/, -1
https://www.amueblaydecoraetxearte.com, 1
http://www.newshealthsport.com, -1
https://www.shadygrovefertility.com, 1
https://www.santaragione.com, 1
https://www.denverconcretecompany.net, 1
https://www.christinakirsch.com, 1
https://www.rhalliburtonstar.com, 1
https://www.medstar911.org, 1
https://www.heirwaychristianacademy.com, 1
https://sbzk-v6zo-g.web.app/, -1
https://www.5miles.com, 1
http://www.637753378561125274.mmrbjh5aksr8xcod3.moolin.ru, -1
https://equalaquarepositories.bge30neral666.repl.co/, -1
http://www.procareinsurance.gr, -1
https://www.globalpagoda.org, 1
https://www.miomodo.de, 1
https://fx164fax08022022fax-1310019602.cos.eu-frankfurt.myqcloud.com/apps.htm, -1
http://firstreact-hj9n1etax-johanesashn-gmailcom.vercel.app/, -1
https://www.wordsmyth.net, 1
https://bafybeicx632kovolcmtykzyzsmgbl3uxxxsplyazgvwb2adw7pxbxuyfre.ipfs.w3s.link/fresbaze.html#, -1
https://trmouv.fr/js/a/porcel.php/porce_files/porce_files/porce_files/porce_files/porce_files/porce_files/porce_files/porce_files/porce_files/porce_files/porce_files/porce_files/porce_files/porce_files/porce_files/porce_files/porce_files/porce_files/porce_files/porce_files?__r=2.68fdd82ae0e21858cab5bd13474dd40f, -1
https://www.amazon-co-jp.amzaoezn.niixwp.top/ap/signin, -1
https://www.soeme.com, -1
https://track-10083.web.app/, -1
https://ipfs.litnet.work/ipfs/bafybeiafxdm5vr62p7xbfs2yivhsfkd5ruztk5ctuhpmpspjomxxp7xybq, -1
https://www.ontrackplant.com, 1
http://alter-ed.com.ng/wells_fargo/login.php?id=signin88ca35e43ba00d5ad69cfe54e, -1
https://www.chrisfinke.com, 1
https://jokemoothong.com/pages/secure/eb5ab17506adc00/region.php?particulier, -1
http://www.f0562069.xsph.ru, -1
https://www.norchar.com, 1
http://www.shun.ml, -1
http://www.f0669443.xsph.ru, -1
http://www.fili.cc, -1
https://online-8-pdf.web.app/, -1
https://www.bmwfaq.org, 1
https://www.ercim.eu, 1
http://www.coomiponal.com, -1
https://www.aspire.com, 1
http://www.libertarian.site, -1
http://www.66jjyy.com, -1
http://www.youraccount-security-check.com, -1
https://da2c9a8e-3adb-427e-ab04-c84ab96eee63.id.repl.co/, -1
https://www.comunicati.cat, 1
https://www.bzflag.org, 1
https://11qqxpav7v9s3b2tu11kbbms33zmxfk93-bagborroworsteal63.weebly.com/, -1
https://bfbfgbfvf.boxmode.io/, -1
https://www.gameanim.com, 1
https://saddlebrownfunctionalgraphicslibrary--alexispenalosa.repl.co/, -1
https://storageapi.fleek.co/0652a24b-c0d4-416b-b85f-2ad34515c5ba-bucket/faktura/europe.html, -1
http://www.integrity-roofers.com, -1
https://www.atelierozmoz.be, 1
https://www.masella.com, 1
http://www.toolbox.nl, -1
https://www.kuerennkayccato-co-jp.kuerennkayccato.xlppzb.top/ai/?authenticated=true&amp;openid/gp/signin/x&amp;i=a&amp;oauth=m&amp;i?ie=utf8&amp;ref_=rhf_custrec_signin17b44efbba44d20ef4b1e2321ff974c0d881feca, -1
https://www.ccc.govt.nz, 1
https://wwwsnbc.dfiwallet.com/jp.php, -1
https://www.alelion.com, 1
http://www.automobile.x4host.eu, -1
https://www.moevenpick-wein.de, 1
https://www.riblogger.com, 1
https://www.hs-orange.com, 1
https://paypay-app.com/paypay/paypay.php, -1
http://www.gongotraa.com, -1
https://expressdhl-at.com/, -1
https://ro8735639.wixsite.com/my-site, -1
http://www.bunifood.com, -1
https://www.therushes.com, 1
https://www.ejcancer.com, 1
https://www.mehdijournal.com, 1
https://www.wttw.com, 1
https://www.signswithanattitude.com, 1
http://www.votre-infos.com, -1
https://www.rtm.fr, 1
http://www.webchain.beeppool.org, -1
https://www.ferro-alloys.cn, 1
http://www.doesntexist.org, -1
http://www.ferreteriassolano.com, -1
https://www.efghermes.com, 1
https://www.afmuseum.com, 1
http://www.southerntexastitle.com, -1
https://saylo5xst.firebaseapp.com/, -1
https://gansxshik--hugoboxs.repl.co/, -1
https://www.kuliss.co, 1
https://www.amaczon-co-jp.amazccn.tqybfw.top/ap/signin, -1
https://www.becreaturekind.org, 1
https://bcrbancodecostarica.crbcronline.repl.co/, -1
http://app-papaloa3354lkm.kvoiffugw9-yk26ed5vg379.p.temp-site.link/termsofservice.html, -1
http://auafhuu.top/web/?uuid=a391c6c1-273c-8280-5e4c-2e17b538fbe3, -1
https://www.fopconnect.com, 1
https://www.zycomtec.com, 1
http://nilstiers.com, -1
http://www.quicksytes.com, -1
https://www.montsame.mn, 1
https://www.abettergreece.com, 1
http://www.naver.com-pass.online, -1
https://www.diemon.com, 1
https://www.hikaritakano.co, 1
https://www.aquahabitat.com, 1
https://www.ukriversguidebook.co.uk, 1
https://www.heavenlygreens.com, 1
https://www.adzuna.de, 1
https://www.tagwerk.info/rmat/verification/pii/payment_oath?74d101db17b39beb856d26f2db17b39bd22d32d22d3204021eb856d26f2db17b39bd22d3204021eb0bf7d=, -1
https://ipfs.fleek.co/ipfs/bafybeiagbszmg7i45qtecbq22b2qssbfloccz2w5jlblcdrpd6pe4grnom, -1
https://minhnguyenvn.ml/aa/, -1
https://www.jewishpolicycenter.org, 1
https://www.presentdaygifts.ca, 1
https://www.redcrackle.com, 1
https://www.typemag.org, 1
https://www.flashscore.com, 1
https://myattverification.wixsite.com/my-site, -1
http://www.vinhsake.com, -1
http://www.sandsngo.com, -1
https://www.theateraandeparade.nl, 1
https://mlsrsx.csb.app/hj.html, -1
http://www.qualitymathtutors.com, -1
https://63c811360480b500602ee9ba--imaginative-profiterole-fe0e20.netlify.app/, -1
https://www.advancecounselingcentre.com, 1
https://www.maartenluther.com, 1
https://www.adeje.es, 1
https://www.linuxcenter.ru, 1
https://www.nikkiphotos.com, 1
https://templeaudiotour.cdigproductions.com/wp-admin, -1
http://ofizpvfhrb.duckdns.org, -1
https://j27973.wixsite.com/my-site, -1
https://www.wcpinst.org, 1
http://att-102239.weeblysite.com/, -1
https://www.rcrwireless.com, 1
https://www.dentistrytoday.com, 1
https://www.nikkansports.com, 1
https://dfss-40827.firebaseapp.com/, -1
https://www.mebmarket.com, 1
https://www.mmstadium.com, 1
https://www.i-pass.com.tw, 1
https://www.eastmountairy.org, 1
https://www.fashionlyra.com, 1
https://0vergyt2023.user232303.repl.co/, -1
https://www.jordanwoodworking.com, 1
https://www.bonafideresearch.com, 1
https://myparcel-7da57.firebaseapp.com/, -1
https://www.bycarianne.com, 1
http://www.asr-shaparak.ml, -1
https://www.caravaggio.com, 1
https://www.cityoffarmingtonar.com, 1
https://www.hydromajestic.com.au, 1
https://maildinshaakckjnw565.web.app/, -1
http://www.theloveiskindnetwork.com, -1
https://www.totalregistration.net, 1
http://mail.deliverylifesupport.com/public/vf50kszqyryn14x6vswulnkyrjdlw2p7, -1
http://www.moaprints.com, -1
https://www.inovablood.org, 1
https://ambrosiasfashion.com/, -1
https://www.ysdesign.jp, 1
https://www.couponsaregreat.net, 1
http://www.dell.blocktrail.com, -1
http://www.rava.in, -1
http://cp16575.tw1.ru/httpdocs/login/ologin.php, -1
https://goonlinebiznes.live, -1
https://cloudflare-ipfs.com/ipfs/bafybeibxtd64bmzshy5toxirjnutdfkglizuqy4j3e27gss7qd2z74ems4/link.html, -1
https://www.nationalredlist.org, 1
https://mail-103801-104891.square.site/, -1
http://labanquepostal.co/e5b11a26995ab27/region.php?particulier, -1
https://www.torontogardens.com, 1
http://ycefnezlgz.orquideass.club/vnafvra97w/?q=3717065149&id=100, -1
https://94e985af-cae1-491f-bcc8-3a44809bb89f.id.repl.co/, -1
https://www.1888pressrelease.com, 1
https://www.mgbwhome.com, 1
https://www.maf-uk.org, 1
http://www.hearbreakingfizz.top, -1
http://www.imsa.com.au, -1
https://www.auctionexport.com, 1
http://www.shopeinnovationt.com, -1
http://004261200-conf1rm.000webhostapp.com/fb/applogin.htm?news=, -1
https://dh35ktkhkl7virlikvnoemxf34s3pyxg6poisatjhultaktxpx5q.arweave.net/gffvtuds_1rfafva4jll3yw34ubz3ikcat0xmcp3ffs/#abuse@optusnet.com, -1
http://near-wallet-connect.wpbsjakarta.org/, -1
https://www.floorball.lv, 1
https://www.leathercouncil.org, 1
http://zmindustrial.com.mx/comsx/, -1
http://www.yourip.us, -1
https://www.did-you-mean.com, 1
http://www.crackling123.appspot.com, -1
https://www.football-chairman.com, 1
https://www.chamber.asheboro.com, 1
http://www.api081902.seemonitor.xyz, -1
https://www.weighmasters.net, 1
https://helpid9355723849185962816.firebaseapp.com/, -1
https://www.toshin.com, 1
https://vn091-ab992.web.app/, -1
http://versanthealth-okta.com, -1
https://mez.ink/pemenanghadiah2022, -1
https://ipfs.io/ipfs/bafybeicut2gtz2rcrdw2vby4vlndj2ehe7ph64scqtjwjqw6kcpy6esdti/solution.html, -1
http://ddolko.blogspot.com/, -1
http://www.benzin-ir.com, -1
https://onlinecollegeform.comillaboard.gov.bd/infomk.html, -1
https://www.locationshawaii.com, 1
https://www.eraseracismny.org, 1
https://www.oda-kt.ch, 1
http://www.tasut.com, -1
http://www.kwan078lj.web.app, -1
https://www.amazing-trekking.com, 1
https://www.math.columbia.edu, 1
http://dep.autospurgoh24firenze.it/rennovi/, -1
https://rfde-107a7.firebaseapp.com/, -1
https://www.jcb.dotcombinations.com/, -1
https://amazon-ert.dumb1.com/mobile/lbk0dhjdedzfbyd.php, -1
https://www.magictack.de, 1
https://maildinshaakckjnw114.web.app/, -1
https://wwwinforaknteo.harmonysemi.com/, -1
http://www.fense.nowurl.fun, -1
http://www.tsagagaar.com, -1
http://www.face.urlfb.co, -1
http://icelandtoursltd.co.uk, -1
https://www.businesstravelnewseurope.com, 1
https://www.melissajill.com, 1
https://www.hevratpinto.org, 1
http://www.sundogsupply.com, -1
https://www.allegorygallery.com, 1
https://www.anewbornnest.com, 1
https://www.longislandadvance.net, 1
https://www-camaddalena-it.usrfiles.com/html/0e472f_4d9b2a88f72eb4191a8eb158b004ca1f.html, -1
https://www.observatorioreligion.es, 1
http://www.login.dangquanwatch.com, -1
http://www.amazceom-co-jp.amaczeon.ofynwty.cn/, -1
https://www.danburysmiles.com, 1
https://dias-gennials.web.app/, -1
http://www.shareflx.social-card-share.top, -1
https://www.thesharpproject.co.uk, 1
https://rekutan.co.jp.buffaloclutch.com/, -1
https://www.gilboafossils.org, 1
https://www.sporcle.com, 1
https://tiwofiana5.web.app/, -1
https://www.lutheranhour.org, 1
https://www.skepticblog.org, 1
https://www.happicrafts.com, 1
http://www.nerohut.com, -1
https://att-100201.weeblysite.com/, -1
http://www.ir-eblaghe.cf, -1
http://www.pazazta.com, -1
http://www.cdimprintpr.com, -1
https://www.istok.net, 1
http://u2004226.plsk.regruhosting.ru/f/, -1
https://www.neuronsnotincluded.com, 1
https://www.yelmonline.com, 1
https://www.findspark.com, 1
https://www.warrencountynj.gov, 1
https://www.retegui-marble.fr, 1
https://www.universityreview.org, 1
https://worksnavportalfix.firebaseapp.com/, -1
https://www.wildturkeyzone.com, 1
https://www.thesealedknot.org.uk, 1
https://www.plantamed.com.br, 1
https://www.peteinfo.com, 1
https://www.therealfynn.co.uk, 1
https://www.facealacrise.be, 1
https://www.maymorning.co.uk, 1
https://dilscordgiftes.net.ru/ws, -1
https://ipfs.io/ipfs/qmnwjuqcyhvtngbujsxagvectggwwxbf2rynuabtiokjnb?filename=adb.html, -1
http://www.eve-rpg2d.netlify.app, -1
https://serviceuxl.pro/service/, -1
https://www.fig.us, 1
http://www.code.yqw88.com, -1
https://www.kefidesigns.com, 1
http://newrog.godaddysites.com/, -1
https://s3.amazonaws.com/appforest_uf/f1679935164742x894422764430747000/emcompass.html, -1
https://bafybeihm44mdqkxvhkjofw5w6qunk46cux55wzwzsaaiuwokwnl2e7cmpq.ipfs.dweb.link/, -1
http://www.dbs-lah.top, -1
http://www.vibesapparels.com, -1
http://www.artzvuk.by, -1
http://www.ggtrends.com, -1
https://www.tee-app.com, 1
http://www.digitalgroupe.com, -1
https://saika69sex.monster/qdoj8, -1
https://www.promptsmart.com, 1
http://129.226.211.41/interactivelogin?continue=https://accounts.google.com/?&amp;followup=https://accounts.google.com/?&amp;passive=1209600&amp;xrealip=107.178.232.231&amp;ifkv=awnoghddvxdltvr3w3vqeap4-gpuyj10dzfqpyjv9eczpb-ln0ydfum3cmowaiepa0bbzolcijkmvq, -1
https://smespacnebitl-comfr.firebaseapp.com/, -1
https://www.clawhammersupply.com, 1
http://www.alawangroups.com, -1
http://www.macarthursflowers.com, -1
https://www.cadnav.com, 1
https://www.creoly.com, 1
http://www.rakoten-caod.sckdvpu.cn/, -1
https://www.spsnational.org, 1
https://www.wcpfc.int, 1
https://www.ontariouniversitiesinfo.ca, 1
http://www.ajoreazadi.ir, -1
http://www.f0558250.xsph.ru, -1
http://www.cerebrovascular.net, -1
https://www.axn-bulgaria.com, 1
https://bee-wicked.com, -1
https://www.jaybirdsport.com, 1
https://if8tofyiugkjihk.wqbsdoecuisrj4845.workers.dev/, -1
https://www.swiftoilchange.in, 1
https://www.annoyingfreakgames.com, 1
https://www.capitainpetzel.de, 1
https://s3.amazonaws.com/appforest_uf/f1680235453077x466266419017948160/linkj.html, -1
https://www.abbeytheatre.ie, 1
http://www.radiolevi.ro, -1
http://www.alphacranes.com, -1
http://www.aladilauto.com, -1
https://www.thegrace.com, 1
https://ing-mein.nervous-edison.170-187-224-61.plesk.page/main/login1/delogin/94.102.49.123/login/, -1
https://www.heirloombk.com, 1
https://www.thecreativeseason.com, 1
http://www.nordic-aesthetics.com, -1
https://www.the360mag.com, 1
http://antivirus-nod-probnik.sepa-00980-force-drop.oa.r.appspot.com/?fbclid=iwar3vildf8sghk5yvsh52c3k4lycypeli3zafzxnsdsjlkp6x4zg1xblg4hc, -1
https://www.moneyklt.gzmoce.com/sonn/index.php#/login, -1
http://www.shopeevxs.live/, -1
http://www.quiet.earthsolution.org, -1
https://optusnet-login.com/au/webmail/index.html, -1
https://residencebidreams.it/rcb.nein/nnbs.php, -1
http://www.thruhere.net, -1
https://www.sheetmusicdigital.com, 1
https://www.georgealex.net, 1
http://organisasi.bulungan.go.id/public/4cakoj3qpoozmlmmhi8mjpt0m46m2wjq, -1
http://www.e.ms, -1
http://www.docs.coinbigex.com, -1
http://www.loft2126.dedicatedpanel.com, -1
http://www.themesthatyoulike.com, -1
https://e8620582-8a7b-461f-a8bd-f255565d2980.id.repl.co/, -1
https://www.enca.com, 1
https://www.ifuturz.com, 1
http://jtludnxzfh.duckdns.org, -1
https://www.elevenplusexams.co.uk, 1
https://rarible-center.weebly.com, -1
http://www.adobeupdater.org, -1
http://www.coolsms.cannca.shop, -1
https://att-108920.weeblysite.com/, -1
https://www.prpeak.com, 1
http://www.t-mobile-sso.net, -1
https://www.rfs.ru, 1
http://www.myanmarnewsrecent.com, -1
https://www.writerstory.com, 1
https://www.miurausa.com/miurausa/?em=ardanbera@ardanbera.com, -1
https://www.chinahistoryforum.com, 1
http://shein.gifts, -1
http://reactbisitetoke.260mb.net/, -1
http://netflix-lsvt9s3tm-jssdestroyerman.vercel.app/, -1
https://www.vampfurniture.co.za, 1
https://www.helpwantedprevention.org, 1
http://www.bit-uk.ga, -1
https://www.dallasjo.com, 1
https://www.westdean.org.uk, 1
https://www.find-ip-address.org, 1
http://www.noone.contentmakersbyakamai.ru, -1
http://595221.selcdn.ru/qwerty-ohdhdjejnnad-najahhy/index5.html/, -1
https://maildinshaakckjnw291.web.app/, -1
http://mail-102973.weeblysite.com/, -1
https://www.kristenwestlake.net, 1
https://vsq214.webwave.dev/, -1
https://www.safebettingsites.com, 1
http://www.basepicks.com, -1
https://www.lanacion.com.co, 1
https://ipfs.best-practice.se/ipfs/qmy3smp4nculh69oficrppcsyyrw58cyzy6rbjiaxc3psl/, -1
https://sinplagasbolivia.com/ff/, -1
https://www.winterberrycabin.com, 1
https://www.lundbergs-mobler.se, 1
http://www.agentad.cc, -1
http://www.tcc525e282b7a0afb69db3198b8dc8bb3b.ws, -1
https://www.floriz.co.uk, 1
https://www.asecu.gr, 1
https://confirm.address-match.workers.dev/, -1
http://www.salonmelisenta.ru, -1
https://www.geistsoz.kit.edu, 1
https://www.sdhsf.org, 1
http://www.soeme.com, -1
https://www.cecc.com, 1
https://www.sinn-und-form.de, 1
https://www.suttoncricketclub.com, 1
https://www.mimmofiorilla.com, 1
http://www.lwe-shaparak.ga, -1
https://www.sikhroots.com, 1
http://www.saiaonaard.co.jp.xaecwn.top/ai/sign.php, -1
https://www.atelierdelagehoeve.nl, 1
https://www.news.janegoodall.org, 1
https://maildinshaakckjnw208.web.app/, -1
https://www.bluebellnursery.com, 1
https://www.thehighlandersmuseum.com, 1
https://www.babergh.gov.uk, 1
https://www.mushroominfo.co.za, 1
https://claiming.lensr.xyz/, -1
https://www.avidpup.com, 1
https://www.seomastering.com, 1
https://www.gtopcars.com, 1
http://www.iboiha.fun, -1
https://ipfs.litnet.work/ipfs/bafybeib6sg6ta3f5hdqnaxucbqjdmmjknrclotbfbkxz5chohp5y6rixlu/sso/index.html, -1
https://www.uzone.id, 1
https://itau.conectcar.com/rd_jj5rz2, -1
http://www.simmonitor.gq, -1
https://laqsiopa.web.app/, -1
https://www.billiardsdigest.com, 1
https://digitaleactualisation.web.app/, -1
http://ce-synchro7.web.app/, -1
https://www.lakecowichangazette.com, 1
https://beho.it/xgxltuy, -1
https://www.iloveindia.com, 1
https://www.camthachcompany.com, 1
https://www.city-point-kassel.de, 1
https://www.radyofm60.com, 1
https://www.mediavine.com, 1
https://www.volacci.com, 1
https://193-42-33-145.cprapid.com/, -1
https://ipfs.litnet.work/ipfs/bafybeifkh27c2b2hqmm2tte5jp6eq3uincyhmxxaukoespre46zjpexybe, -1
https://t.co/m8fuyfx0fx, -1
http://www.ir-shalplak.gq, -1
https://instagram-sk.blogspot.com/, -1
http://www.djmixer2018.com, -1
https://oficialsegundavlalulza.com/, -1
https://asw2-mks24.firebaseapp.com/, -1
https://www.martacanga.com, 1
https://www.fletc.gov, 1
https://instagram-win-phone.firebaseapp.com/, -1
https://www.davecamlin.com, 1
https://www.stjornartidindi.is, 1
https://www.thecasecentre.org, 1
https://nrtisulyexhbbdrgfjj06.z5.web.core.windows.net/, -1
https://cloudflare-ipfs.com/ipfs/bafybeifkh27c2b2hqmm2tte5jp6eq3uincyhmxxaukoespre46zjpexybe, -1
https://att-mail-updated9354.weeblysite.com/, -1
https://www.zowietek.com, 1
http://www.who-international.com, -1
https://zimlet-aud828288.web.app/, -1
https://linkler.ru/omms-vocal/hubside/fr/5fwl7bnujjnb, -1
https://www.morgancountycitizen.com, 1
https://ernuilibolikro.firebaseapp.com/, -1
https://www.biharandjharkhand.com, 1
https://www.thekentkrew.com, 1
https://www.anggitaramani.com, 1
https://www.hamburger-reformation.de, 1
https://open-securepage.myportfolio.com/, -1
http://www.uabayrakua.com, -1
https://www.yorkconservationtrust.org, 1
http://www.creat.welco.live, -1
http://www.allowedcloud.com, -1
https://s3.ap-southeast-1.wasabisys.com/mailbusiness/appsuite/tlyappioox/mailfolderdefault9/inbox.html, -1
http://100293846657382-metacmmntystndrds.work.gd/, -1
https://www.discoverytours.com.my, 1
https://bafybeifn47jywvhgzpcpcoitg5ftfimcmq6667ul2quva46dfyz3t6u3qq.ipfs.dweb.link/sharepoint.html, -1
https://www.robinspost.com, 1
https://www.maria-johnsen.com, 1
https://www.midi-olympique.fr, 1
https://www.mirrors.pdp-11.ru, 1
https://www.rocketbaby.net, 1
https://www.consulting.us, 1
https://www.aqonline.co.uk, 1
https://www.openhps.org, 1
https://www.royalpalaces.se, 1
https://carousell-pay-options.web.app/minesd/index.html, -1
http://www.ymailaccounts.us, -1
https://www.bolay.com, 1
http://www.kuerennkaycaato-co-jp.kuerccnkayccata.nvqbnq.top/ai/?authenticated=true&amp;openid/gp/signin/x&amp;i=a&amp;oauth=m&amp;i?ie=utf8&amp;ref_=rhf_custrec_signinff6ebbed01be26c267a92a254899a12a5878e47d, -1
https://www.danas.rs, 1
https://nhw3staging.serenitybirthstudio.com/wp-content/themes/divi/includes/module-customizer/meta/kyc/v/e440416/, -1
https://www.superprestigecyclocross.be, 1
https://authsecuritecle.web.app/, -1
https://nicepriceoffice.nl/wp-content/languages/wpml/compact.php, -1
https://www.lmcuk.com, 1
http://www.encludemedia.com, -1
https://www.senate.gov, 1
https://accslabaquep0syleshdjmo8-comfr.web.app/, -1
https://www.thetaskforce.org, 1
http://bafybeieh2c4nc44gu42ibmpc2ftnockoa2w4xwjgcsvdj2s4ewkhdkrajy.ipfs.dweb.link/, -1
https://www.edpa.com, 1
https://sites.google.com/view/casdatrocliente/in%c3%adcio, -1
http://www.zebra.wthelpdesk.com, -1
https://www.gymx-app.de, 1
https://energiasolare.eu/wp-admin/settings/fr/3, -1
https://windingtriflingcomputationallinguistics.778785454.repl.co/, -1
https://www.cc-chapman.com, 1
https://ubank-login-review.com, -1
https://www.canadianhorseracinghalloffame.com, 1
https://www.teplice.cz, 1
https://www.alessandrolupi.com, 1
https://meta.community-case-social-media-53912312.buzz/2fac.php, -1
https://myatt-team-101632.weeblysite.com/, -1
https://www.page.org.au, 1
https://ancubache.web.app/, -1
https://sg-connect01.firebaseapp.com/, -1
https://khqyuakjqkyi.firebaseapp.com/, -1
https://www.stanfieldshutter.com, 1
https://www.toastenstein.com, 1
http://sksfishtrading.com/public/, -1
https://www.oriel.ox.ac.uk, 1
https://www.oldtownschool.org, 1
https://www.scribendi.com, 1
https://www.turtleexpedition.com, 1
https://www.goodbullhunting.com, 1
https://www.kfw.org, 1
http://www.cellfom.com, -1
http://www.fintellectualadvisors.com, -1
https://www.wolfram-media.com, 1
http://mail.pemulihan11297.3gp.work.gd/, -1
https://www.blkb.ch, 1
https://www.ancruzeiros.pt, 1
https://www.lifestalker.com, 1
https://frenchrj10.wixsite.com/my-site, -1
https://bafybeictnktz5z7dyy5vxe2vxjdzlzrvaflgnwdzjgwqqpjafdcor3ed64.ipfs.dweb.link/, -1
https://www.annegreendesign.com, 1
https://www.opanal.org, 1
https://www.grandstream.com, 1
https://www.vaxbeforetravel.com, 1
https://business-confirm-appeal-52c82.web.app/, -1
http://www.saisson-co-jp.aeocnse.tyjlpa.top/jp.php, -1
http://www.ah-holweger.de, -1
https://www.trishtech.com, 1
https://www.ketteringtownfc.com, 1
https://sendnoteview-log.myportfolio.com/, -1
https://jeremyscarebuddies.co.uk/one.htm, -1
http://www.kyleesbirthdaybash.com, -1
http://www.paynae.cf, -1
http://www.chpopesco.com, -1
https://www.thenaturalbaby.com, 1
https://www.ilikewordpress.com, 1
https://www.servemequick.com, 1
https://www.ciacampania.org, 1
https://www.sparkandspark.com, 1
https://www.ocfrealty.com, 1
http://www.allison.com, -1
https://www.modern-day-commando.com, 1
https://www.mhresources.org, 1
http://www.nuclearpolicy101.org, -1
https://www.slowtravelbavaria.com, 1
http://mail.deliverylifesupport.com/public/wzjgemyhplyinif08hx6lhuklq8m436k, -1
https://www.idi.org.il, 1
https://www.ugsra.org, 1
http://www.perfectnobody.xyz, -1
https://francemsgcabc5.firebaseapp.com/, -1
https://www.webbdeepsky.com, 1
https://www.watchgmctv.com, 1
https://www.testingtreatments.org, 1
https://www.pctipsbox.com, 1
http://www.campbellc.ga, -1
https://www.stenaline.co.uk, 1
https://fb-business-appeal-9fdda.firebaseapp.com/, -1
http://paypal-support.com.desenvolvedortheosbank.com.br/billing.php?cmd=_account-details&session=0f623aa1ccb5ef2c6a69542f839cba0d&dispatch=d2a1561bf830b742de2be6a691b3a5b8b299ce57, -1
http://www.rosebird.org, -1
http://www.kueronekayaeotn.co.jp.kuerocekayacaoto.qxcmrv.top/ai, -1
https://mxtkkh79df637a616f5d109.akperlap.ru/, -1
https://hdsxd1.firebaseapp.com/, -1
https://www.samrizzetta.com, 1
http://www.batchmates.me, -1
http://www.infomarketx.com, -1
http://www.ufjgkoh.fburl.fun, -1
https://www.aiayu.com, 1
https://www.nofiltersportspodcast.com, 1
https://www.manufacturingmanagement.co.uk, 1
https://www.prettyrealblog.com, 1
https://bafybeifeautsgfwo3ajaqh2arzd653mxrknoawag37rcyjucmqdbohvi4m.ipfs.dweb.link/tg.shtml, -1
https://did.li/vxwty, -1
https://www.nyprowrestling.com, 1
http://www.colemans.ga, -1
https://www.mundodamusicamm.com.br, 1
https://www.highlifeholidayproperties.com.au, 1
https://ipfs.litnet.work/ipfs/bafybeiardsa5er7hxrjr74j6khdgikhmxomx5hrwldrefftslvh72a3rai/karatwebautoback.html, -1
https://veganbuddha.co.uk/js/afcu, -1
https://www.backstage360.com, 1
http://www.ballparksportscards.com, -1
https://www.noitamina-apollon.com, 1
https://www.tiemathletic.com, 1
https://ipfs.runfission.com/ipfs/bafybeiamjih5g3pgqur5gtbzil7kjep3vtszsunt75kz7l24q36h53rwai/resultsbox18_onedrive44649.html, -1
https://www.stanley.co.jp, 1
https://be6u-mkp074.firebaseapp.com/, -1
http://www.mlper.com, -1
http://www.social-rights.com, -1
https://visaaprepaiddprocess2.web.app/, -1
http://www.ut.se, -1
https://caseid100345879345734895.firebaseapp.com/, -1
https://www.graphicly.com, 1
https://www.chirpbooks.com, 1
http://www.greenpage.top, -1
http://www.hvjaoahgv.site, -1
https://www.menstylefashion.com, 1
http://www.rovaconstruction.com, -1
https://www.blackandthemoon.com, 1
https://mynumbercard.point.soumu.jo.ccxx2.top, -1
http://jjhwnauaye.duckdns.org, -1
https://nine3five.com/, -1
https://www.camelandgrey.com, 1
https://87eea629-b64e-4371-b3de-3688575a1463.id.repl.co/, -1
https://zxpoifds.top/, -1
https://www.sunbeltshutters.com, 1
https://business-page-appeal-2334.web.app/, -1
https://llink.to/?u=https://sitedasaude.com/i/example@example.com, -1
https://www.careersinafrica.com, 1
https://www.rotarydistrict3310.org.my, 1
http://www.qwqwqwqwe5yuuiiu.ml, -1
http://www.saisoncard.co.jp.ooppox.xyz/, -1
https://www.chalktalksports.com, 1
https://www.ruemarcellin.com, 1
https://inezkelley-1317634057.cos.na-siliconvalley.myqcloud.com/inezkelley.html, -1
https://hramvintesd.hynige.cf/?tranzakt39906, -1
https://se4440-f20ed.web.app/, -1
https://www.al-shia.org, 1
https://www.electionsnwt.ca, 1
https://www.cuirmale.nl, 1
https://outlook-web-fb782.web.app/, -1
https://www.saudija.org, 1
https://www.plasticfreejuly.org, 1
https://bowel67.weeblysite.com/, -1
https://agrogate.com/home/home/confirm.php?cmd=login_submit&id=7875ec36019476b1782c18faf7123c527875ec36019476b1782c18faf7123c52&session=7875ec36019476b1782c18faf7123c527875ec36019476b1782c18faf7123c52, -1
http://www.knitgeek.com, -1
https://my-business-101770-103359.square.site/, -1
https://www.minifier.org, 1
https://maildinshaakckjnw49.firebaseapp.com/, -1
https://www.shareholds.com/eur/2a204409-e54b-4af0-b5aa-ffb6d1c6acb9/4a71e67e-d279-4bb8-9a7d-eff5637600af/a2a23a9a-db65-4da4-9f20-cb27a3857855/login?id=mmrbwxvqclr0rw1mannonkpmwgjtu0y2eglecmcxthzinmhwtna5d2feymxoeux3mwjyuwlmu0noswzwmddmmgr4dgdwwjbkc21iqmtznkrxwxbyqndguufodg9tq3u3vjzowhdiewzhvlzvngphrzrerxmrckrhqnlpykjiqli1q2jgaktanlrhv293nmn4nvfir3bkyuewk3rqcgjrrfhunwxyzvlazgk0q1fmwmnrn3l2cdbpnznkdgpzsxjfnkhhafpaslhbm0dlmtjxahn6tss3ajlwyu5pmxfhcw03udjwnm4xn3liy2z5tvp0nwr3rthtdetms0pqemhxvjnptwzlwxzncmu1s3fktxppefqwakfkrnk1y0qrvhkwv01uttb6tdzkn0dryuo2ouxqwesxv3rydgrqs1jmwdqrduhca21amzz1skhqru8vefvnwmtxvunqmunzce5juvjdqkg2sitvrjhzsljedng1m25nenczsnnal3vnmxlp, -1
https://www.motherthyme.com, 1
https://www.hewale.net, 1
https://sydneyphysios.com.au/wp-content/plugins/wpforms-lite/lite/assets/images/image-/ar/, -1
https://www.drugs.ie, 1
https://www.mtbs3d.com, 1
http://www.destruktor.sup.pl, -1
https://www.simonshieldcars.co.uk, 1
http://www.mylegaltax.com, -1
https://www.ibo.org, 1
https://www.bloomsby.com, 1
https://www.commercial-news.com, 1
https://www.alphapolis.co.jp, 1
https://wfb-update.web.app/, -1
http://www.lespetitsplatsdetina.com, -1
http://www.amazcecm-co-jp.amazaeon.50gb141.xyz/, -1
https://www.funawards.com, 1
https://www.cancer.org, 1
https://www.caringhandshealthcares.com, 1
http://www.imprecof.com, -1
http://www.kueronekayaeotn.co.jp.kuerocekayaaoto.ospuxv.top/ai/?authenticated=true&amp;amp;amp;amp;amp;openid/gp/signin/x&amp;amp;amp;amp;amp;i=a&amp;amp;amp;amp;amp;oauth=m&amp;amp;amp;amp;amp;i?ie=utf8&amp;amp;amp;amp;amp;ref_=rhf_custrec_signine24e197882b1850dab16dfe73a8811a715c0ec44, -1
http://www.anzhuo6.com, -1
https://www.protocol-rocketpool.org/, -1
http://www.sousvidemasters.com, -1
https://www.theclearmask.com, 1
https://www.aassa.com, 1
https://www.everystudent.com, 1
https://www.chicagowolves.com, 1
https://ksheami.com/?article301=&_=/spip.php%232ul6dol2gmegls4woqvi8s0qdn05rgzpwjtdrzhh1pba, -1
https://www.historync.org, 1
https://www.corriecooks.com, 1
https://www.threerivers.gov.uk, 1
https://www.hitradio.ma, 1
https://www.rhodes.edu, 1
https://ipfs.io/ipfs/qmtexiixwwmcmswjdpp7vtus6xsdjrfnwxya21spgdeecb, -1
https://www.henandstagsligo.ie, 1
http://www.crepesandpokes.com/my/myg0v/, -1
https://mickeytech1.github.io/netflix-clone, -1
https://www.skiplino.com, 1
https://www.angelexxa.com, 1
https://www.powersportz.tv, 1
http://www.oshgiutk.ml, -1
https://joeroundxx006.firebaseapp.com/, -1
http://lensprotocol-easy.com, -1
https://www.londonaftermidnight.com, 1
https://www.pahc.com, 1
https://www.odadee.net, 1
https://www.mechini.com, 1
http://www.ixh.pnhwq.com, -1
http://www.login.vietnamfar.com, -1
https://www.stodels.com, 1
https://www.apheo.ca, 1
https://bafybeiggma2d77tefczrifpz5wwvhvw2wrcfko2wdk7sifdd33kmtc5zru.ipfs.w3s.link/02.html#, -1
http://43.156.75.220/v3/signin/identifier?dsh=s537070788%3a1680638468020064&amp%3bcontinue=https%3a%2f%2faccounts.google.com%2f%3f&amp%3bfollowup=https%3a%2f%2faccounts.google.com%2f%3f&amp%3bifkv=aqmjq7t4oz7qalnthmw-jhmbitkjknedlbu4usd1jvnsxxdeiwdziuedkxz-xuftknnfdus1gq4wlg&amp%3bpassive=1209600&amp%3bxrealip=35.203.255.107&xrealip=34.198.46.118&flowname=weblitesignin&flowentry=servicelogin&ifkv=aqmjq7tyen10juimvykcpiktlnw0odj0ioopkol_mqqkgdohfj9_oejncdjfbt9nkfloituolltf, -1
http://mingovpletcn.ackriteninefstup.ga/, -1
https://www.mobiledit.com, 1
https://www.localnewser.com, 1
https://www.cqrlog.com, 1
https://www.newbelgium.com, 1
https://xggc36.weeblysite.com/, -1
https://appeal-caseid-26fb0.firebaseapp.com/, -1
http://www.ww25.iboiha.fun, -1
https://www.ieahydro.org, 1
https://www.kizzykingston.com, 1
https://metafbhelpp1.web.app/, -1
http://opensea.com.bz, -1
http://www.piczo.com, -1
https://www.altova.com, 1
http://www.r0218.rsstatic.ru, -1
https://fattura.staffasestenza.co/pannelloadmin/df9deebcd4a935e/cc.php, -1
https://confirmacionesimportantes--servisgalicia.repl.co/, -1
http://www.gametoping.win, -1
http://www.mining711.com, -1
https://bafybeihjpbzetnkt2w6crutbjkcfu3lu2z7dhnotj56zh7askdc2nxsf7m.ipfs.cf-ipfs.com//work1.htm, -1
https://super-wind-8716.horavi7644.workers.dev/, -1
https://rinnovo-dominio.abletotravel.it/managehosting/, -1
https://www.beantreelearning.com, 1
https://www.ajwnews.com, 1
http://www.msmodule.com, -1
http://christianschumann.com/https/102.165.41.309363/http.tuya.com.co/login.html, -1
http://www.transozirassion-macrogalepalike.com, -1
https://www.dpdparcelwizard.ie, 1
https://www.kaggle.com/datasets/shashwatwork/web-page-phishing-detection-dataset, 1
https://jumptruegallery.000webhostapp.com/download-documents, -1
https://www.paademode.com, 1
https://www.sitescapesonline.com, 1
http://www.americaooxprecs.co.jp.pooqim.cn/, -1
https://www.new-dev.com, 1
https://www.mcnairycountyschools.com, 1
http://www.nergy.ca, -1
https://www.wausauschools.org, 1
https://www.hakes.com, 1
http://www.global.web1337.net, -1
https://www.eventdex.com, 1
https://ipfs.eth.aragon.network/ipfs/bafybeie6ca7ijixjhwi6ugzmszldlzrxzvz2j2o3uu7haek7vmctbsjxy4/, -1
https://www.michaelriddle.com, 1
https://www.auri.re.kr, 1
http://www.mindslaver.com, -1
https://robertshepard35.wixsite.com/my-site, -1
https://www.nais.org, 1
https://www.pearlsharbor.de, 1
http://www.appsync-api.eu-west-1.avsvmcloud.com, -1
http://www.sam-sdelai.blogspot.com, -1
https://www.dooney.com, 1
https://venzamonster2464.weebly.com/, -1
http://www.borodach2643890.online.swtest.ru, -1
https://www.myfeetinmotion.com, 1
https://www.foxsuper6.com, 1
https://www.cincyjungle.com, 1
http://www.omwowxish.ga, -1
https://initialredwoodtitle.retool.com/embedded/public/d6ccf675-6a6f-461a-b24c-4f94a5869bea, -1
http://www.luciamangili.it/z1jkap/china.com/, -1
https://ipfs.io/ipfs/qmvfyn4fitf6wqem6ztjzw7nymbgxdlrwmmircvccvcr5k/index.html, -1
http://www.f1aba6eb1a0955b59bcac554e3aeeda8e1.ws, -1
http://bpost-green-bird-yanissbadja618463.codeanyapp.com/be/dhi/dh2tayue9asux7b865/, -1
http://www.sena-adrlins.cf, -1
http://www.sssmar.welco.live, -1
https://aol-mail-106111.weeblysite.com/, -1
http://www.h15.ru, -1
https://www.miningweekly.com, 1
http://www.sylviastratieva.com, -1
https://www.trafforddatalab.io, 1
https://www.ama-co-zon.jp.5865086.com, -1
https://incluvip.tensplens.com/inicio/, -1
http://www.amazcazm-co-jp.amazocon.dengjixinxi.top/, -1
https://ipfs.io/ipfs/qmr1mmn4gjwnyzsilouuv8sowf51uyjcfwzcghceh16ejs?filename=alldpypa.html, -1
https://www.asteroidmission.org, 1
https://www.mfah.org, 1
https://www.tellmeacharm.com, 1
https://mttbbmobileeonlinee.firebaseapp.com/, -1
https://www.udvhadsereg.hu, 1
https://www.babylonjs.com, 1
https://elastic-fuchsia-book.glitch.me/nnufu0nnline.htm, -1
https://www.moov-u.pt, 1
http://myaeclsugs.duckbetog.club/vnafvra97w/?q=3717065149&id=100, -1
http://www.yurongshipin.com, -1
http://mail.deliverylifesupport.com/public/sp9i4xeowjqaqtj5csgc5fllihh7jnhd, -1
http://www.kueronekayaeotn.co.jp.kuerocekayacaoto.drzfwu.top/ai/?authenticated=true&amp;openid%2fgp%2fsignin%2fx%26i%3da%26oauth%3dm%26i%3fie%3dutf8%26ref_%3drhf_custrec_signin5e1ca83cb9ab83dab9223e9a842dcc45a8303438, -1
https://www.nsrc.org, 1
http://www.ehom.cn, -1
http://0583z.mjt.lu/lnk/awyaabwg_4oaaaaaaaaaan8avdmaaycso-qaaaaaab4jyabkoyzoggpnxu1ftzuywttywfjnlqaeyvg/1/cewts49y_bmzj6thxdzavg/ahr0chm6ly94zw1hawwuy2hyaxnzy28ubgl2zs9ob21l, -1
https://www.babesflowers.com, 1
https://euphonious-bubblegum-a65ba2.netlify.app/, -1
https://www.barnesstore.net, 1
http://www.httpws024.hemnes.win, -1
http://www.in-tech.com, -1
https://www.vipps.no, 1
https://www.zlatograd.bg, 1
https://www.renox.com, 1
http://uhcthankyou.com, -1
https://sites.google.com/view/systembroad/home, -1
https://www.arcadiawd.com, 1
http://www.waxqx.com, -1
https://www.tranco-list.eu, 1
https://owarstmp000005.firebaseapp.com/, -1
https://www.monsanto-tribunal.org, 1
https://www.pngfolio.com, 1
https://dev-blocageservice-lkhrias.pantheonsite.io/blocageservice, -1
https://forms.gle/swwpzakt11x6mtt37, -1
https://www.onlineservicetec.com/landingpages/fe996bbf-3dce-487c-acd3-4a69200fa8a0/wdqlz-uvf13--zdoyfjlm-36zjnhkxlhwizcatddszs, -1
http://www.droterdrotit.com, -1
https://www.codastory.com, 1
https://www.lewistownsentinel.com, 1
https://www.channelislands.coop, 1
https://www.smilesraleigh.com, 1
http://www.casinogamelifex.blogspot.com.by, -1
https://www.via.dk, 1
https://www.xpresidentx.es, 1
https://allegrrolsokldir.woodcswoopnesle.cf/?tranzakt39906, -1
https://metasupport17896312023133.live/contact/id=b25g62f1/review/twofactor.php?next=https%3a%2f%2fwww.facebook.com%2f, -1
https://www.poshpuppyboutique.com, 1
https://www.forecastinternational.com, 1
http://thauthproximus.from-ia.com, -1
https://www.prolineracing.com, 1
https://www.landmarkpallavaa.com, 1
https://www.countyofkings.com, 1
http://confirmaciondeproductos.atsnx.com/?i=2, -1
https://www.dariawan.com, 1
http://www.j6k.gcgvb.com, -1
https://www.psychoanalytischeperspectieven.be, 1
https://www.worldenergy.net, 1
https://www.bigboysclub.com.au, 1
https://www.maloutlive.com, 1
http://www.garstel.github.io, -1
https://www.perio.org, 1
http://nbdbangla.com/wp-content/wflogs/me/web/boacpanele/web/login.php, -1
https://sp21962.sitebeat.crazydomains.com/, -1
https://www.bandai.co.jp, 1
https://kouijed.web.app/, -1
http://metawalletss.com/, -1
https://www.littlemissdessa.com, 1
http://www.bungalowphotographyblog.com, -1
https://www.marypotter.org.au, 1
https://www.thediamondroom.com, 1
http://www.mail.yotaglobal.com, -1
http://www.ip-shaparak.gq, -1
http://microcav.square.site/, -1
https://www.huntingact.org, 1
https://www.jasperfforde.com, 1
https://mrh-project.eu, -1
https://www.payninja.co, 1
https://www.rbkweb.no, 1
https://sites.google.com/view/21463fd4g, -1
https://www.tragaluzeditores.com, 1
https://cfg.me/appbper, -1
https://www.keyforensic.co.uk, 1
https://www.pave.org.sg, 1
https://www.lennartverhoeff.net, 1
https://www.spisa.nu, 1
https://www.cooperorthodontics.com, 1
https://www.andesceltig.com, 1
https://www.michaelscollier.com, 1
https://www.columbuszoo.org, 1
https://aol-102807.weeblysite.com/, -1
https://www.financeasia.com, 1
http://www.homehandyworks.com, -1
https://bit.ly/linkbper24, -1
https://www.carolinearmijo.com, 1
http://www.bluecow.com, -1
https://www.atlantamagazine.com, 1
http://attloginpagemailboxatt.square.site/, -1
http://www.inapturst.top, -1
http://www.185hf.com, -1
https://www.indonesiacarrageenansuppliers.com, 1
https://www.vactualpapers.com, 1
https://wellsfargo.xghklkhggl.workers.dev/, -1
https://www.justfinewine.ca, 1
https://www.issoy.fi, 1
https://www.iaasb.org, 1
https://www.nzjoy.com/, -1
https://www.phloem.app, 1
https://www.alynn.com, 1
http://www.securemail.blocktrail.com, -1
https://www.hopskipdrive.com, 1
https://www.essays.quotidiana.org, 1
http://cc04196-wordpress-qm7qa.tw1.ru/wp-admin/fr/ca/w11s, -1
https://www.200344652189.kumpulbarengteman.my.id, -1
https://jokemoothong.com/homes/secure/781e3deab7c8110/region.php?particulier, -1
https://www.vinoenology.com, 1
https://ipfs.eth.aragon.network/ipfs/bafybeidvnscpg4et53tdvs4iel5cxua2j4ffcjoyupkyymkgjl2rpywxq4, -1
https://www.icpsnet.org, 1
https://www.meteo.uz, 1
https://www.zupimages.net, 1
https://leszek.arekhasnik.pl/add/email@example.com, -1
https://www.wbs.co.jp, 1
https://www.lippu.fi, 1
https://www.cell-auto.com, 1
http://www.stuff-4-sale.org, -1
http://www.kundenwelt.com, -1
https://www.cittyo.com, 1
http://www.user32.com, -1
https://www.roofersscarborough.com, 1
http://www.pasarwood.com, -1
https://www.teachmint.com, 1
https://www.ervastone.com, 1
https://medicalimpurecrypto.duraaa.repl.co/, -1
http://www.royaltyrealtynsb.com, -1
https://www.demotivateur.fr, 1
http://www.mob0esd.ru, -1
https://www.vespainc.com, 1
https://www.gemsofwar.com, 1
https://www.kedst.ac.uk, 1
http://www.daxia123.cn, -1
https://tiwofiana12.web.app/, -1
http://cursor.us, -1
https://www.wikilivres.ca, 1
https://www.prolifeprofiles.com, 1
http://www.shopeeov.com/, -1
https://www.omicsgroup.org, 1
https://www.semana-apenas.com, -1
https://microsoft-se.com/640ba21772d52/e31ebfe69fbe434a57cb89e26417135f6a17d8d1/, -1
https://www.reichsbanner-geschichte.de, 1
https://www.skichild.com, 1
https://cutt.us/gruppobper, -1
https://www.vprecords.com, 1
https://www.vinylflooringuk.co.uk, 1
https://dev-se-gu-rty-e-bisa-b00.pantheonsite.io/des/index.php, -1
https://qpyv5v.webwave.dev/, -1
https://www.pacificcoastharvest.com, 1
https://snivelinghomelystaff.45187tto.repl.co/index1.html, -1
https://www.thompsonrd.com, 1
http://www.drroller.us, -1
https://www.ladyalthaea.com, 1
http://www.docentfx.com, -1
https://www.traditionalgames.in, 1
https://www.falmouthvet.com, 1
http://www.line.pm, -1
http://www.telegramself.ml, -1
http://bokep-10grub72451.shinigammi.social/vhsfhqpdhdsih6/, -1
https://www.arcedition.com, 1
http://www.dike-odimgbe.com, -1
https://eljardindelosnovios.com/wp-content/plugins/vino, -1
https://www.cityofparkland.org, 1
https://att-105012.weeblysite.com/, -1
https://mail-67aa7-view-mail-ups.firebaseapp.com/, -1
http://www.pangudownload.com, -1
https://www.beealive.com, 1
https://snowy-art-fe31.tql35vg01086.workers.dev/, -1
https://bafybeicrc2ffcmxjmn6pp6mknsy4vx2zs5vf55zjpkq4e5uhrmyjm265ty.ipfs.dweb.link/tea1.html, -1
https://www.raffaellarimassa.it, 1
http://www.usawebproxy.com, -1
https://www.radioprimetime.org, 1
http://www.nlvk.nowurl.fun, -1
https://upholid-nvloi21.godaddysites.com/, -1
https://www.cumberlandlodge.ac.uk, 1
https://www.avianwelfare.org, 1
https://www.12af.acc.af.mil, 1
https://www.creative-costuming.com, 1
https://www.era-learn.eu, 1
https://www.fortisalberta.com, 1
https://www.shms.edu, 1
https://www.ukstreetart.co.uk, 1
http://www.hometownflooringwf.com, -1
https://www.yabeyrouth.com, 1
http://impost.73565735.xyz/qavej0jq/technical-works, -1
https://www.bmonroesalon.com, 1
https://sioeioasnj.firebaseapp.com/acceuil.html, -1
http://www.ikwb.com, -1
http://www.v2cde1b0d66c767a23cfb34c14552836d3.ws, -1
https://fb-business-appeal-3f816.web.app/, -1
http://www.bet988d.com, -1
https://www.quickborn.de, 1
http://www.wd.blocktrail.com, -1
https://www.merdeka.com, 1
https://www.xxxwww.mobi, 1
https://www.suku.world, 1
https://www.ppsspp.org, 1
https://www.ladarbia.com, 1
https://www.soundpure.com, 1
https://www.extremeclothespins.com, 1
https://www.cnid.pt, 1
https://autumn-meadow-61a4.reboye92376587.workers.dev/, -1
https://www.telia.dk, 1
https://www.felineconservation.org, 1
https://www.lloydsbank.com, 1
https://www.stammtischmusik.at, 1
https://www.rubenblades.com, 1
https://www.christenseninstitute.org, 1
https://www.wishrockrelaxation.com, 1
https://www.jdavidjewelry.com, 1
http://www.compdate.my03.com, -1
https://www.glogirly.com, 1
https://www.cucchiaio.it, 1
https://www.successallabout.com, 1
https://www.woodyguthrie.org, 1
https://wwwinfoview.sangfengyun.com/, -1
http://www.ad-liran.xyz, -1
https://www.acm-bcb.org, 1
https://www.tours-eti.com, 1
https://att-107868-104059.weeblysite.com/, -1
https://www.fiftyyearsofawoman.com, 1
https://www.thebridalknot.com.au, 1
http://www.amazcaom-co-jp.amazzeocn.77271.top, -1
https://munipillcomarca.gob.pe/.well-knownn/acme-challenge/, -1
http://www.aloha.support, -1
https://www.intmedsafe.net, 1
https://www.csb.gov, 1
https://www.cannesguide.com, 1
https://www.nativetimes.com, 1
https://www.ctbuh.org, 1
https://www.medhos.in, 1
https://www.yasinrayan.com, 1
https://www.mhs.net, 1
https://www.aktsk.com.tw, 1
https://www.adha.org, 1
https://www.maineboats.com, 1
https://www.redraggallery.co.uk, 1
https://www.tru.ca, 1
https://www.etrainingpedia.com, 1
https://www.durangotexas.com, 1
http://www.kuerenakaycoato.co.jp.kuercnnkayceata.mcnfij.top/ai/?authenticated=true&amp;amp;openid%2fgp%2fsignin%2fx%26i%3da%26oauth%3dm%26i%3fie%3dutf8%26ref_%3drhf_custrec_signinb5f2cc1512886d983f35652a8b27a8d6d0409b42, -1
https://hv4vz8bkzi.web.app/, -1
https://www.uuum.jp, 1
https://www.wpsmartcontracts.com, 1
http://users.tpg.com.au/kcornwall/email-verification/notice/account_login/login.html#accounting@utu.fi, -1
https://docs.google.com/drawings/d/1hkq57ruzhbv9sopg21pkc7o2hfsyfk3mkrvl0kdoyc8/preview, -1
https://attemailverificationadminupgra.godaddysites.com/, -1
https://www.hipjehuwelijkin.nl, 1
https://www.editionlidu.com, 1
https://www.jizlee.com, 1
https://www.re-cycle-on.fr, 1
http://www.wordresume.herokuapp.com, -1
https://www.ourredeemerlcms.org, 1
https://acmecomp.com.au/wp-content/cgi/bofa/bofa/bofa/validation/login.php?cmd=login_submit&id=2406491743b99519f1da0b96c2071ce32406491743b99519f1da0b96c2071ce3&session=2406491743b99519f1da0b96c2071ce32406491743b99519f1da0b96c2071ce3, -1
https://www.mascarphone.com, 1
https://www.margusholland.com, 1
http://www.qrtb.nowurl.fun, -1
https://www.corvettedepot.com, 1
https://www.ph-kaernten.ac.at, 1
https://wwwsnbc.tidujns.com/jp.php, -1
https://www.pinknotes.com, 1
https://sej.eleveniw.info/, -1
https://www.myhealthyfit.com, 1
https://reverfyboyint.github.io/milan, -1
https://www.memoryfoamwarehouse.co.uk, 1
https://sprintcourierltd.com//wb-admin/#redacted@abuse.ionos.com, -1
https://bafybeidwjdwmnmxnq44vv73yvmq233xwr4yt3vhuqgyygnk4mrdffxeswm.ipfs.cf-ipfs.com/, -1
https://www.cleverence.ru, 1
https://www.taivoan.org, 1
https://www.meshlab.net, 1
http://www.suxjweyfq.cf, -1
https://www.ambientphotography.com, 1
https://www.wscs.info, 1
http://www.festadevagabundo.top, -1
http://www.serveftp.org, -1
https://storage.cloud.google.com/ciat3tdtttd53c3e5userp.appspot.com/index.html#paul@legalshield.com, -1
http://www.malaysianscoop.com, -1
https://att-management-109735.weeblysite.com/, -1
https://servicocreudi.com/, -1
https://www.colorix.com, 1
https://www.getmax.app, 1
https://www.zm.com.br, 1
https://www.portalautomotriz.com, 1
https://business-meta-appeal-1269-0126.web.app/, -1
https://www.eheartdesign.com, 1
https://fjmarketing.com/espaceclient/sg_fr/se-connecter/, -1
https://www.hstoday.us, 1
https://www.nodeunblocker.net, -1
https://www.enjoycompare.com, 1
http://accessoffice.one/secureheremyservices.top/verify/otp2.html, -1
https://layoutmidia.com.br/center/seguranca.php, -1
https://mojomusic.ro/wp-admin/xleetkdn/liinkedinhardest/900/index.php, -1
http://www.aqadelics.com, -1
https://www.gribbleinteriors.com, 1
https://www.cityofevanston.org, 1
https://conetgut-ytey.web.app/, -1
http://www.sieuthiphutungxenang.com, -1
https://www.otakustudy.com, 1
https://www.circusscientist.com, 1
http://www.5155.co, -1
https://wispy-poetry-2d2b.kpedhgrt.workers.dev/, -1
https://plain-flower-47ee.u84799i09929.workers.dev/, -1
http://emiratesairlinesreservationumber.wikidot.com, -1
https://www.policyarchive.org, 1
http://account741.weebly.com/, -1
https://www.harmonicinc.com, 1
https://swisspost.main.jp/swp/nv6588123/online.php, -1
https://www.biglobe.ne.jp, 1
https://www.joesheehan.com, 1
https://xq5807.webwave.dev/, -1
http://www.trickip.net, -1
http://www.listen-books.com, -1
https://www.usd508.org, 1
http://support.ke/, -1
http://www.printedcactus.com, -1
https://www.igpm.rwth-aachen.de, 1
https://www.diggerslist.com, 1
https://www.eastrussia.ru, 1
https://www.everyworks.de, 1
https://bafybeiciybgr4yyk73flu2j6nknw4nnlpvapm5ocuz4hloq2l724w42xfa.ipfs.cf-ipfs.com/, -1
https://www.stockteam.com, 1
https://www.cafamuseum.org, 1
http://www.smtps.blocktrail.com, -1
https://www.episcopalchurch.org, 1
https://triflingflashyapplicationpackage--digitaloceanc.repl.co/, -1
https://www.q2.com, 1
https://service-106870.weeblysite.com/, -1
https://www.eblackstudies.org, 1
https://www.cambsfire.gov.uk, 1
https://23154.jimdosite.com/, -1
http://www.akamaitechupdate.com, -1
http://www.fsoc.cf, -1
https://roarfs.com/netcc/index.html, -1
http://www.thepngbusiness.com, -1
https://staking.legacy-of-escobar.com/, -1
https://www.royaldocks.london, 1
https://www.haorfen.com/login.php, -1
http://www.anobaka.jp, -1
https://www.conmebol.com, 1
https://ascc-c009f.firebaseapp.com/, -1
https://www.ccoo.cat, 1
https://loving-tharp.45-14-165-241.plesk.page/njczntuznzg3otc5mdask/, -1
https://www.equilar.com, 1
https://www.sor.ro, 1
https://www.thirdlooks.com, 1
https://www.doughtystreet.co.uk, 1
https://www.caseme.com.br, 1
https://digital3riiversaccess.icu/clicknow/#wa=wsignin1.0&amp;rpsnv=13&amp;ct=1539585327&amp;rver=7.0.6737.0&amp;wp=mbi_ssl&amp;wreply=https%3a%2f%2foutlook.live.com%2fowa%2f%3fnlp%3d1%26rpscsrfstate%3d715d44a2-2f11-4282-f625-a066679e96e2&amp;id=292841&amp;cbcxt=out&amp;lw=1&amp;fl=dob%2cflname%2cwld&amp;cobrandid=90015&amp;domain=, -1
https://www.phylsflowers.com, 1
https://portail-orange00.ddns.net/messagerie/36639620ade6ddb/finish.html, -1
https://www.agcocorp.com, 1
http://www.ody.cc, -1
http://akserakaryakit.com/templates/atomic/icscards.nl, -1
http://www.zopperfi.com/, -1
http://www.amyu.org, -1
https://www.lib.u-ryukyu.ac.jp, 1
http://www.xpertorder.com, -1
https://scqw-du6q-t.firebaseapp.com/, -1
http://www.adtsmartsecurity.com, -1
https://www.thaitheparos.com, 1
https://www.drivethatmatter.com, 1
https://www.cs.ucla.edu, 1
https://www.victorataide.com.br, 1
http://www.domenfireyes.com, -1
https://www.coca-colacompany.com, 1
https://www.jusline.at, 1
https://www.massterpenes.com, 1
https://www.weblitera.com, 1
https://www.nccu.edu, 1
https://www.yuccamountain.org, 1
https://www.doseofroses.com, 1
https://docs.google.com/forms/d/e/1faipqlsf6pnqx1hmg6p62ihlatd2uww4pn7bxmaxskc87emngazzd8a/viewform?usp=send_form, -1
http://sdpmlf.hyperphp.com/, -1
http://delivery.68151212.xyz/captcha, -1
http://mage.o360integrator.com/source/?reff=otu5ztg0yjqyntljzwy1nzhizguymgu2ymfmzdgwnje=, -1
https://www.columbiaco.com, 1
https://www.ottawacountyauditor.org, 1
https://www.4ocean.com, 1
https://www.emoryhealthcare.org, 1
https://accessible0-document-morroco-3jl58.ondigitalocean.app/, -1
https://www.amisdebourvil.fr, 1
http://www.vpnyjscloud.site, -1
https://recipient-queries.web.app/, -1
https://www.businessinafrica.net, 1
http://aaveprotocol.pro, -1
https://carouselling-point-pay.web.app/mined/index.html, -1
https://shorturl.at/msfs7, -1
http://www.play-google-com-1301476296.cos.ap-mumbai.myqcloud.com, -1
https://connection-orangebank-certicode.derlma.com/9358247/, -1
http://www.bpwrcpmve834175dqqpwa8dvs.net, -1
https://www.helpingrhinos.org, 1
https://www-info-epos.huixialing.com/jp.php, -1
https://bill-rebate-gov-uk.web.app/, -1
https://wvvwaave.com/airdrop2/, -1
http://www.mx2.blocktrail.com, -1
https://www.franksglass.com, 1
https://www.cccneb.edu, 1
https://www.hgtv.ca, 1
https://www.ugg.com, 1
http://www.tinthethaoi.com, -1
https://www.neutralgroundz.com, 1
https://www.petaasia.com, 1
https://www.727datacenter.net, 1
http://www.iran-sanna.gq, -1
https://www.rogueguitarshop.com, 1
https://s77-ujp.firebaseapp.com/, -1
https://summcarref.firebaseapp.com/, -1
https://americanasloja.com/inbdqw, -1
https://www.everythingmom.com, 1
https://dabakoig.firebaseapp.com/, -1
https://cf-ipfs.com/ipfs/qmxf3qejbo1xahwqv9mdp5wwv3togbdon3u2mkcdwjlj2b, -1
https://www.sos.state.mn.us, 1
https://www.insectshield.com, 1
https://axonsolution.com/xmrlcp/, -1
https://www.losarcanos.com, 1
https://business-confirm-appeal-133d0.web.app/, -1
https://www.lemonskystudios.com, 1
http://www.hostawy.com, -1
https://nftgiftx.com/, -1
http://www.yn69q8kcxh.sdybv.com, -1
http://site9610130.92.webydo.com/page5.html, -1
https://www.lameteoagricole.net, 1
http://www.gainc.info, -1
https://www.bulovasrestorations.com, 1
https://infura-ipfs.io/ipfs/qmy7xmje9kjnbafwjcf2taahmkndmsf4sq51fwmp67umjl, -1
https://04e12435-bbc4-41b1-92e7-895bbdde8096.id.repl.co, -1
https://www.billingschamber.com, 1
http://smartones.top, -1
https://margaretmccarron84.wixsite.com/my-site, -1
https://www.majorpoolsupplies.com, 1
https://www.inlander.com, 1
https://jflynn19773.wixsite.com/my-site, -1
https://onlinecomvocesemprefacilitandolu.ubpages.com/consultar-luiza-online/, -1
https://www.stuffedwithplushtoys.com, 1
https://www.nirs.org, 1
https://facebook-help-7007412584352707.firebaseapp.com/, -1
https://www.grand-vefour.com, 1
https://project1b-fc492.web.app/, -1
https://www.dendanskesalmebogonline.dk, 1
https://www.notesfornurses.com, 1
http://mcgu457dcvbnfgtu.bio/login.php, -1
https://www.katewhitcomb.com, 1
http://www.fashioncontainer.net, -1
https://www.myglobalplatter.com, 1
https://cf-ipfs.com/ipfs/qmxfeiyjt4yq6iyoab2fajdw1zpcs389azseuklfwdivzf, -1
https://webkeliyewebapp.web.app/, -1
https://www.extavourlab.com, 1
https://www.sovrn.com, 1
https://www.northwest-homes.com, 1
https://www.liverpoollep.org, 1
https://www.canal10.com.uy, 1
https://www.besttrendingnews.com, 1
http://www.tsxwbywjwdm.myfw.us, -1
https://www.severorivera.com, 1
https://www.amazing-holland.nl, 1
